"search_keyword_en","search_keyword_tc","image_url","author_en","author_tc","author_sc","author_url"
"Natural Amber","天然琥珀","","","","",""
"Nature Rough Yellow Agate","天然黃瑪瑙原石"
"Silver Accessories","舊銀配件"
"Photocopy Machine","影印機"
"Paper Cutting Machine","切紙機"
"Paper Folding Machine","摺紙機"
"Manual Forklift","手唧車"
"Forklift","唧車"
"Hand Pallet Truck","手唧車"
"Mobile Phone","手提電話"
"Used Private Car","舊私家車"
"Wood Beads","木珠"
"Wood Logs","木頭"
"Diospyros Vaccinioides","小果柿"
"Wooden Pole","木竿"
"Pterocarpus Santalinus","小葉紫檀"
"Tudor Watch","舊手錶"
"Box","盒"
"Warranty Card","保用證"
"Desktop Computer","桌上電腦"
"Bracelet/Bangle","手鐲/手鏈"
"Cloth Bag","布袋"
"Clothing","衣物"
"Coloured Stone","顏色石"
"Floor Mat/Carpet","膠地毯"
"Necklace/Choker","頸鍊"
"Scarf/Neckerchief/Shawl","圍巾"
"Socks/Stockings","襪"
"Lens","鏡頭"
"Camera","相機"
"Digital Video Camera","數碼攝錄機"
"Digital Camera Body","數碼相機機身"
"Digital Single Lens Reflex Camera Body","單鏡反光機機身"
"Used Light Goods Vehicle","舊輕型貨車"
"Used Medium Goods Vehicle","舊中型貨車"
"Used Trailer Reg. No.: 45718T Chassis No.LSEJG3A4530006478","舊拖架"
"Used 45' Container No.: APHU4592440","舊四十五呎貨櫃"
"Used 40' Container No.: AETU0718381","舊四十呎貨櫃"
"Used 40' Container No.: TTNU3907213","舊四十呎貨櫃"
"Water Heater","熱水爐"
"Gas Stove","氣體煮食爐"
"Refrigerator","雪櫃"
"Television","電視機"
"Air-conditioner","冷氣機"
"Washing Machine","洗衣機"
"Video Camera","攝錄機"
"Camera Lens","鏡頭"
"Bracelet / Bangle","手鐲 /手鍊"
"Brooch","心口針"
"Earring","耳環"
"Necklace","項鍊"
"Pendant","吊墜"
"Ring","戒指"
"Jewellery Set","珠寶套裝"
"Charger","充電器"
"External Battery Pack","外置充電電池"
"Game Player","遊戲機"
"Computer Mouse","滑鼠"
"MP3 / Multimedia Player","多媒體播放器"
"Stylus Pen","觸控筆"
"Speaker","揚聲器"
"Earphone /Headphone / Bluetooth Handfree","耳筒機 /藍芽耳機"
"Portable Electric Fan","小型電風扇"
"Internet Wifi Device","無線網絡器"
"Monopod","電話用伸縮拍攝架"
"Tripod","相機腳架"
"Drone","航拍機"
"Digital Photo Printer","相片打影機"
"Electrical Baby Hair Cutter","電動嬰兒理髮器"
"Electronic Stewer","電燉盅"
"Electronic Lunch Box","電飯盒"
"Fill Light","補光燈"
"Watch","手錶"
"Electronic Wrist Band","電子手帶"
"Electronic Scale","電子磅"
"Pen","筆"
"Glasses / Sunglasses","眼鏡 /太陽眼鏡"
"Bag / Handbag","袋 / 手袋"
"Wallet","銀包"
"Shoes/ Slippers","鞋/拖鞋"
"Belt","皮帶"
"Cap /Hat","帽"
"Gloves","手套"
"Scarf","圍巾"
"Cup/ Glass / Water Bottle","杯/玻璃杯 /水樽"
"Tableware","餐具"
"Water Bottle Set","水壺套裝"
"Lighter","打火機"
"Clock","鐘"
"Book","書"
"Umbrella","雨傘"
"Helmet","頭盔"
"Erhu","二胡"
"Xiao","蕭"
"Electric Piano","電子琴"
"Drum","鼓"
"Oboe","雙簧管"
"Golf Set","高爾夫球套裝"
"Golf Club","高爾夫球桿"
"Skipping Rope","跳繩"
"Decoration","擺設"
"Painting","畫"
"Foldable Table","摺檯"
"Foldable Trolley","可摺手推車"
"Baby Stroller","嬰兒車"
"Wheelchair","輪椅"
"Walking Cane","拐杖"
"Toy","玩具"
"Mirror","鏡"
"Fishing Rod","魚竿"
"Chair","椅子"
"Used Motorcycle","舊電單車"
"Bicycle","單車"
"Electric Massager","舊電動按摩器"
"Earphone","舊耳機"
"Aerial Camera","舊航拍機"
"Aerial Camera Controller","舊航拍機遙控器"
"CD Player","舊光碟播放器"
"High Definition Driving Recorder","舊高清行車紀錄儀"
"Multimedia Player","舊多媒體播放器"
"Timer","舊計時器"
"Ceramic Heater","舊暖風機"
"Portable Game Console","舊手提遊戲機"
"Bag","舊袋"
"Calculator","舊計數機"
"Camera","舊相機"
"Camera Flash","舊相機閃光燈"
"Camera Lens","舊相機鏡頭"
"Musical Instrument","舊樂器"
"Assorted Tool","舊工具"
"Souvenir","舊紀念品"
"Aerial Camera Propeller","舊航拍機螺旋槳"
"Plastic Box","舊膠箱"
"Transformer","舊變壓器"
"USB Charging Cable","舊充電線"
"Tripod","舊三腳架"
"Baby Stroller","舊嬰兒手推車"
"Bracelet / Bangle","舊手鐲"
"Necklace / Chain","舊頸鏈"
"Pendant","舊吊墜"
"Ear-Ring","舊耳環"
"Ring Finger","舊戒指"
"Accessories","舊綠色飾品"
"Trinket","舊飾物"
"Wrist Watch","舊手錶"
"Genuine Wrist Watch","舊手錶"
"Voice Recording System","錄音系統"
"Server UXP","錄音系統伺服器"
"Admin PC for Voice Recording System","錄音系統電腦"
"Laser Cutter & Engraver","激光雕刻機"
"Odor Reduction System","除臭系統"
"Visualizer","實物投影機"
"Wireless Power Speaker","無線揚聲器"
"Wireless Microphone","無線麥克風"
"Projector Stand","投影機架"
"USB Card Reader","讀卡機"
"Cart with Drawer","抽屜車"
"LCD Projector","液晶投影機"
"Loudhailer","揚聲器"
"Portable Wireless Amplifier","便擕式無線擴音機"
"HiFi Set","音響組合"
"Wireless Receiver","無線接收器"
"Portable Overhead Projector","便擕式高影機"
"Wireless Amplifier with Microphone","無線擴音機連麥克風"
"Laminator","過膠機"
"Haloplate","電熱板"
"Induction Cooker","電磁爐"
"Ice Maker","製冰機"
"Sewing Machine","縫紉機"
"Overlock Machine","鈒骨機"
"Compact Grill Oven","電焗爐"
"Tumble Dryer","滾筒式乾衣機"
"Sandwich Maker","三文治機"
"Microwave Oven","微波爐"
"Iron","熨斗"
"Blender","攪拌機"
"Electronic Kiln","電子窰"
"Video Cassette Recorder","卡式錄影帶機"
"Video Imager","影片編輯器"
"Digital Video Camera & Accessories","數碼相機連配件"
"Adjustable Cart with Cabinet","可調節推車連櫃"
"Digital Presenter","數碼投影機"
"Mixer Amplifier","混音擴音機"
"Portable Trimmers","便擕式修邊機"
"Vacuum Former","真空吸塑機"
"Microphone Preamp","模擬音箱"
"Public Address Equipment Rack","廣播機架"
"Electric Induction Cooking Range","電磁爐"
"Portable Power Driven Sewing Machine","便擕式電力縫紉機"
"Serger","鈒骨機"
"Electric Cooker with Oven","電焗爐"
"Condenser Dryer","冷凝式乾衣機"
"6 kg Vented Tumble Dryers","6公斤滾筒式乾衣機"
"Potters Kick Wheel","拉坯機"
"Slide Projector","幻燈片機"
"Digital Camera","數碼相機"
"Freezer","直立式冷凍櫃"
"Duplicator","複印機"
"Mobile Projector","流動投影機"
"3D Printer","3D打印機"
"250GB Network Hardisk","磁碟機"
"Trolley","手推車"
"Digital Light Processing","數位光處理投影機"
"Projector","投影機"
"Calculator Display","計算機屏幕"
"Calculator Display System","計算機屏幕系統"
"Calculator Display Panel","計算機屏幕液晶控制台"
"4-drawer Steel Filing Cabinet","四桶文件鋼櫃"
"Folding Table","摺檯"
"Electric Tower Fan","直立電風扇"
"Metal Book Shelf","金屬製書架"
"Metal Table","金屬製書桌"
"Printer","打印機"
"Color LaserJet Printer","彩色打印機"
"3-seater Chair","3座位排椅"
"Outdoor Dining Table with Foldable Chairs","戶外桌連椅"
"Tea Urn 18L","電水煲"
"Steel Movable Platform","不銹鋼移動平台"
"Graphic Calculator","圖形計算機"
"Calculator-Based Ranger/Calculator-Based Laboratory System","運動傳感器"
"Viewscreen Package","監測套裝"
"Repeater","複讀機"
"Speaker System All-Weather","全天候揚聲器"
"Mini Disc Recorder","錄音器"
"2-Channel Feedback Reducer Unit","減速器"
"Audio Toolbox","音量測試儀"
"Digital Audio Machine","錄音機"
"Digital Video Machine","錄影機"
"Power Amplifier","放音器"
"Mini Disc Player","播音器"
"MD Recorder","錄音器"
"Feedback Reduction Unit","減速器"
"Amplifier","擴大器"
"AV Amplifer","影音擴大器"
"US Front Fabric Frame Screen","屏幕"
"Slide Projector with Accessories and Trolley","幻燈機連座"
"Multi System VHS Recorder","錄影機"
"DVD Player","播放器"
"Solid State Audio Player","播放器"
"Cassette Deck","卡式錄音機"
"DVD/VCD/LD/CD Player","播放器"
"Betacam Editing Recorder","編輯錄音器"
"High-Definition Player","播放器"
"Hi-Fi System","立體聲音響系統"
"Video Player","播放器"
"Loudspeaker","揚聲器"
"Sub Bass Speaker","揚聲器"
"10Amp Controller & Amplifier","調節器及擴大器"
"Simul Effect Processor","處理器"
"Shallow Rack","音響器材箱"
"Rack Case","儀器箱"
"Caster Kit for Rack Case","有輪儀器箱車架"
"12 Hole ATA Microphone Case","麥克風儀器箱"
"Case with Diced Foam for SKB/1713","泡棉式防護儀器箱"
"ATA Equipment Case","器材箱"
"Wheel Cart for Shock Rack","有輪儀器架"
"16U Shock Mount Rack","儀器箱"
"Full Range Loudspeaker with Tripod and U Bracket","揚聲器連架"
"Integrated Amplifier","擴大器"
"16 Input 6 Output Console","控制台"
"CD Player","播放器"
"Stereo Double Cassette Deck","卡式錄音機"
"2-Channel Graphic Equalizer","影像平衡器"
"Bose Room-mate II Monitor Loudspeaker","揚聲器"
"4-Channel Compressor/ Limiter","壓縮限幅器"
"Multiprocessor","多元處理器"
"Dual Channel Equalizers","雙頻平衡器"
"Active Direct Injection Box","音訊轉換器"
"24 Channel Mixer","混音器"
"Power Supply","供電器"
"Speaker Stand","揚聲器架"
"LED Display Board with Stainless Cabinet & Accessories","顯示板"
"Adjustable Wind Speed Floor Dryer","吹地風機"
"Portable Public Announcement System","手提廣播器"
"Electronic Whiteboard","電子白板"
"Cold Water High Pressure Mercury Cleaner","清潔氣汞器"
"6-Ton Axle Stand","6噸軸架"
"Motorized Screen 100""","電動屏幕"
"Digital Scale Weight","電子磅"
"Slide Projector","幻燈投影機"
"Workstation Photo Taking","輔助攝影工作器材"
"Coffee Machine","咖啡機"
"Binoculars","雙筒望遠鏡"
"Floor Dryer","吹風機"
"Floor Scrubbing and Polishing Machine","洗地抛光機"
"Mosquito Lamp","滅蚊燈"
"Table Tennis Table","乒乓球枱"
"Handheld Metal Detector","金屬探測器"
"Air Nail Gun","氣釘槍"
"Automatic Soap Dispenser","自動洗手液機"
"Hydraulic Trolley Jack","液壓手唧車"
"Hydraulic Jack","液壓千斤頂"
"Electric Mosquito Trap","電動滅蚊機"
"Cooking Stove","煮食爐"
"Portable Wireless Sound System with Dvd Player & 2 Handlheld Transmitter","便攜式播放器音響系統連二支咪"
"Portable Public Address Amplifier System with Wireless Handheld Microphone","無線擴音機連無線咪"
"Portable Public Address System and Player","便攜式擴音器系統連播放器"
"Micrometer","千分尺，0.25 毫米"
"Multimeter","萬用錶"
"Tester","絕緣電阻測試器"
"Barometer","氣壓計"
"Calibrator","流量計"
"Recorder","多功能記錄儀，垂直圖"
"Junction Box","電子訊號轉換儀"
"Meter","導電率表"
"Air Sampler Upgrade Kit","空氣採樣器升級套件"
"Sample Equilibration System","樣本除濕系统"
"Pole Pruner with Guide Bar and Saw Chain","電油長鏈鋸"
"Chain Saw 508mm","電鋸"
"Chain Saw 320mm","電鋸"
"Chain Saw 500mm","電鋸"
"Chain Saw 35mm","電鋸"
"Chain Saw 355mm","電鋸"
"Chain Saw 330mm","電鋸"
"Chain Saw 450mm","電鋸"
"Chain Saw 16""","電鋸"
"Chain Saw 50cm","電鋸"
"Chain Saw 300mm","電鋸"
"Chain Saw 400mm","電鋸"
"Lifepak CR Plus Semiautomatic Defibrillator","心肺復甦機"
"Twin Warm Stove Activity Cabinet","雙頭保溫爐連底座活動櫃"
"Cabinet","電蒸氣廚櫃"
"Electric Stainless Steel Steamer","不銹鋼電蒸櫃"
"Beverage Cooler","飲品櫃"
"Drinking Water Dispenser","飲水機"
"Ice Maker","冰粒機"
"Industrial Refrigerator","工業用雪櫃"
"Commercial Electric Stainless Steel Soup Warmer","商用不銹鋼電湯鍋"
"Commercial Electric Stainless Steel Oven","商用不銹鋼電烤箱"
"Film Cassette","膠卷盒"
"Camera Back Plate for 36 Film Exposure","相機背板"
"Film Scanning System","膠片掃瞄系統"
"Digital Duplicator","數位印刷機"
"GPS Antenna","全球定位天線"
"Screen Protector","螢幕保護盒"
"Lifepak Defibrillator","心臟顫動器"
"Video Camera Recorder","攝錄機"
"Digital Video Camera Recorder","數碼攝錄機"
"Drawing Table","繪圖枱"
"Blue Tooth Pocket PC","藍牙掌上電腦"
"Label Printer","標籤打印機"
"Binoculars","望遠鏡"
"Instant Camera","即影即有相機"
"Digital Camcorder","數碼攝錄機"
"Digital Video Camera","數碼攝錄相機"
"Digital Camera with Accessories","數碼相機連配件"
"Auto Puncher","重型打孔機"
"Paper Trimmer","裁紙器"
"Shredder","碎紙機"
"Enlarger for 35mm work","放大器"
"Film Dry Cabinet","膠片乾燥櫃"
"Flash","閃光燈"
"Paper Trimmer","剪紙機"
"Enlarger","放大器"
"Timer","計時器"
"Vacuum Contact Frame","真空接觸架"
"64M Compact Flash Card","記憶咭"
"Beacon Receiver for Handheld GPS","差分信標接收器"
"Handheld GPS","手持衛星導航儀"
"Audio Mixer","混音器"
"Quad Unit","四路視頻四處理器分配器"
"Video Recorder","錄像機"
"Lens","自動光圈鏡頭"
"Microphone","麥克風"
"Equipment Cabinet","設備櫃"
"1/2"" Colour Video Camera","彩色攝像機"
"Control Unit","中央控制器"
"System Controller","錄像機系統控制器"
"Outboard Engine","舷外發動機"
"Digital Camera","數碼相機連套"
"Ladder","6.5米鋁合金二樓梯"
"Ladder","5米鋁合金雙扯梯"
"Fast Real-Time Polymerase Chain Reaction System","聚合酶鏈式反應檢測儀"
"Smart Cycler","智能循環儀"
"Automic Cryotome","冷凍切片機"
"Autostainer","自動染色機"
"Tissue Processor","組織處理器"
"Shandon Cryotome Cryostat","冷凍切片機"
"Ultra-wideangle Lens","相機鏡頭"
"Night Vision Owl Binoculars","夜視鏡"
"Hammer Drill","電鑽"
"Underwater Housing","防水相機殼"
"Global Positioning System Plotter Sounder","船用導航儀"
"Electric Cutting Machine","電動砌割機"
"Flying and Aerial Photography Device","航拍機"
"Diving Watch","潛水手錶"
"Underwater Monitor System with 50m Cable","水下監控系統"
"Memory Stick 128MB","記憶咭"
"Digital Video Camera Recorder","攝錄機"
"Aluminium Name Plates","鋁製名牌"
"Thermal Pot","電熱水瓶"
"Electric Steamer","電蒸爐"
"Electric Drilling Machine","電動鑽孔機"
"Paper Shredder","碎紙機"
"Aluminium Name Plate","鋁製名牌連架"
"4-drawer Steel Filing Cabinet","四桶鋼文件櫃"
"Steel Movable TV Trolley","有轆電視鋼架"
"Flash Light","閃光燈"
"Digital Camera - Body Only","數碼相機機身"
"Deioniser","去除離子機"
"Electronic Balance","電子磅"
"Treadmill","跑步機"
"Stainless Steel Easels Art","不銹鋼畫架"
"Rotary Trimmer","輪轉式切紙刀"
"Young's Modulus Apparatus","楊氏模量計"
"Resistance Box","電阻箱"
"Inclined Plane","斜面"
"Potentiometer","電阻電位計"
"Magdeburg Hemisphere","馬格德堡半球"
"Van de Graaff Generator","范德格拉夫發電機"
"Labpack Radford","拉德福德實驗箱"
"Stopclock","計時器"
"Oscilloscope","示波器"
"Finishing Sander Attachment","砂光機附件"
"DVD Player","光碟播放機"
"Headphone Amplifier","耳機擴音器"
"4 in 4 out Video and Audio Mixer","4輸入4輸出混合器"
"Book Trolley","單面活動圖書車"
"Folding Table with wheels","上揭式推轆摺檯"
"Paper Shredding Machine","碎紙機"
"Plasma Sterilizer","等離子殺菌器"
"Nasometer","鼻腔測量計"
"Public Address Amplifier","擴音機"
"8-channel Mixer Pre-amplifier","前置擴音機"
"Double Cassette Deck","卡式錄音機"
"Digital Visual Presenter","實物投影機"
"Air Cleaner","空氣清新機"
"Trolley for Stackable Chair","可疊式靠背椅運送車"
"Overhead Projector","投影機"
"Sound Bloster","揚聲器"
"Microphone Floor Stand","麥克風三腳架"
"Microphone Stand","麥克風座檯架"
"Box Type Keyboard Drawer","盒型鍵盤抽屜"
"Computer Case","電腦機箱"
"Electric Pencil Sharpener","電動鉛筆刨"
"Electric Stapler","電動釘書機"
"Walkie Talkie with Battery & Charger","對講機連電池及充電器"
"Print Server","列印伺服器"
"80GB Portable Hard Disk","便擕式硬碟機"
"500GB Portable Hard Disk","便擕式硬碟機"
"Personal Response System","個人應答系統"
"Bluetooth Keyboard","藍牙鍵盤"
"Air Purifier","空氣淨化機"
"Pop-up Exhiibition Stand with 2 Spotlights","拉網架連射燈2支"
"Digital Video Camcorder","數碼攝像機"
"Battery Charger for M-Series Battery","電池充電器"
"Color LaserJet Printer","彩色鐳射打印機"
"Blade Server","刀鋒伺服器"
"Cordless Stereo Headphone","無線耳機"
"MP3 Player","MP3播放器"
"Electronic Calculator","電子計算機"
"Hole Punch","打孔機"
"Heavy Duty Stapler","重型釘書機"
"Cardiopulmonary Resuscitation Manometer","心肺復甦法壓力計"
"Automated External Defibrillator Training System","自動體外心臟除顫器訓練機"
"Semi-Automatic Defibrillator","半自動除顫器"
"Automatic Defribrillator with External Accessories","除顫器外部附件"
"Semi-Rigid Carrying Case","半硬質手提箱"
"Sphygmomanometer with Blue Cuff & Zippered Case","血壓計連藍色袖和拉鍊套"
"Wrist Blood Pressure Monitor","手腕血壓計"
"Microscope","立體顯微鏡"
"Microscope","顯微鏡"
"Magnetic Stirrer","磁力攪拌器"
"Microscope","單目顯微鏡"
"Data Logging System","數據記錄系統"
"PasPort Bundle including Datalogger and Sensor","提存器組件"
"Air Purifier","空氣淨化器"
"Triple Beam Balance","三標尺秤"
"Van De Graff Generator","范德格拉夫發電機"
"Bicycle Dynamo Assembly","單車類型發電機組裝"
"Accessories for Van De Graff Generator","范德格拉夫發電機的配件"
"Electrometer and DC Amplifier","靜電計和直流放大器"
"Rotary Vacuum Pump","旋轉式真空泵"
"Ripple Tank & Accessories","水波槽及配件"
"Data Logger Physics Bundle 750","數據記錄儀器物理組合"
"Acceleration Sensor","加速傳感器"
"Charge Sensor","電荷傳感器"
"Force Sensor","力傳感器"
"Magnetic Field Sensor","磁場傳感器"
"Rotary Motion Sensor","旋轉運動傳感器"
"Photogate / Pulley System","光電門/滑輪系統"
"Super Pulley Force Table","超級滑輪力桌子"
"Rotating Platform","旋轉平台"
"Centripetal Force Kit","向心力套件"
"Rotational Accessory","旋轉配件"
"Infrared Sensor","紅外線傳感器"
"Bench Power Supply","檯上供電器"
"Motion Sensor","運動傳感器"
"Temperature Sensor","溫度感應器"
"High Pressure Cleaner","高壓水槍"
"Reel Scoreboard","有轆記分牌"
"Volleyball Post","排球柱"
"Safety Pad Trolley","安全墊車"
"CCTV Lens","防盜系統鏡頭"
"Floor Dryer","吹地機"
"Stainless Steel Signboard Railing Stand","不銹鋼告示座"
"Balance Cap. 300g","天平"
"Multimeter","萬用表"
"Interscale Demonstration Meter","跨度示範儀表"
"Low Tension Variable Voltage Supply","低壓"
"Spark Counter","火花計數器"
"Linear Air Track","線性空氣軌道"
"Galvanometer","檢流計"
"Flat Solenoid","扁平螺絲管"
"Storage Cupboard For Radioactive Source","放射源儲藏櫃"
"Spring Balance","彈簧秤"
"Sodium Lamp","鈉燈"
"Variable Low Voltage Power Supply","可變低壓電源"
"Trolley","小動態車"
"Digital Multimeter","數碼萬用表"
"Regulated Power Supply Duel 15V","雙15V穩壓電源"
"Electric Blower","電動鼓風機"
"Speed of Sound Kit","音速套件"
"Compact Light Source 100W","緊湊型光源"
"Photo-Timing Gate","光定時門"
"Electrometer","靜電計"
"Thomas Electro Magnetic Tube","湯姆森電磁管"
"Maltese Cross Tube","馬耳他十字管"
"Planar Diode","平面二極管"
"Spectometer","光譜儀"
"Perrin Tube","佩蘭管"
"Vernier Microscope","游標顯微鏡"
"Cathode Ray Deflection Tube","陰極射線偏轉管"
"Dial-0-Gram Balance 310g in 0.01g","天平"
"Triple Beam Balance","天平"
"Overhead Projector","高影機"
"Compact Light Source","緊湊型光源"
"Hard Disk Handycam","攝錄機"
"Camera","相機連咭"
"Video Camera","攝像機"
"Cassette Recorder","卡式隨身聽"
"Video Cassette Recorder","錄影機"
"Integrated Circuit Recorder","錄音筆"
"DVD Recorder","光碟錄影機"
"Digital Media Camera","攝錄機"
"USB Port Smart Card Reader","讀取器"
"Foot Pump","氣泵"
"Electronic Typewriter","電子打字機"
"A3 Laminator","過膠機"
"56K Modem PC Card","56K網卡"
"Barcode Scanner","條碼掃描器"
"Barcode Scanner Stand","條碼掃描器底座"
"Standing Desk","人體工學桌"
"Laser Handheld Terminal","條碼掃描器"
"Roller Shutter Filing Steel Cabinet","捲門鋼櫃"
"Anti Mosquito Lamp","滅蚊燈"
"Electrical Typewriter","電動打字機"
"CD & Cassette Player","光碟卡式播放機"
"Cassette Player","卡式播放機"
"CD/Cassette Recorder","光碟/卡式錄音機"
"Walkman","隨身聽"
"Audio Splitter for Headset","音頻分裂機"
"Headset with Microphone","耳機連麥克風"
"Cassette Deck","卡式磁帶機"
"Amplifier","擴音機"
"AV Selector","選頻器"
"Ceiling of Speaker","天花揚聲器"
"Mini DV Camcorder","迷你數碼影視錄像機"
"Digital Light Processing","數位投影機"
"Jig Saw Attachment","曲線鋸附件"
"Drill Stand","鑽架"
"Circular Saw Attachment","圓鋸附件"
"Power Supply Unit","高壓電源箱"
"Signal Generator & Amplifier","信號發生器及放大器"
"Microscope Linear Vernier","顯微鏡線性遊標尺"
"Power Supply Unit","電源箱"
"Digital Wireless Projector","無線投影機"
"Color Charge-coupled Device Camera","彩色電荷耦合器件攝像機"
"Video Camera Adaptor","攝像機適配器"
"Alka Ionizer","電解水生成器"
"Air Walk Trainer","太空漫遊機"
"Vibration Pad","振動墊"
"Electric Air Pump","電泵"
"Table Tennis Table","乒乓球檯"
"Match Timer","計時打印器"
"Steel Equipment Cabinet","鋼櫃"
"Scanner Rack","掃描器架"
"Liquid-crystal display","液晶投影機"
"DVD Recorder","光碟燒錄機"
"Color VisionSpyder3 Studio","顏色檢測儀"
"Camcorder Ballhead","攝錄機雲台"
"Main Unit for Wired Conference System","有線會議系統"
"Chairman Microphone Unit","主席麥克風"
"Delegate Microphone Unit","副麥克風"
"Movable Case Cabinet for Taiden Conference System","可移動會議系統櫃"
"High-Definition Multimedia Interface","高畫質多媒體介面轉換器"
"High-Definition Multimedia Interface","高畫質多媒體介面分解器"
"Video Graphics Array","視頻圖形陣列分離器"
"Cantonese Color Detector","粵語色彩檢測儀"
"600 x 600mm Cabinet with 1 Fixed Shelf","音響櫃"
"DVD Duplicator","光碟燒錄機"
"3.5"" 2TB External Hard Disk Studio Edition II","外置硬碟機"
"Micro MD HiFi System","微型光碟音響組合"
"3.3M Pro Cyber Shot","數碼相機"
"Stand for Electronic Whiteboard","電子白板架"
"Portable Amplifier","流動擴音機"
"HandyCam","數碼攝錄機"
"Digital Single-lens Reflex Camera","數碼單鏡反光相機"
"Digital Camera Lens","數碼相機鏡頭"
"36"" x 42"" Trolley","雙層手推車"
"Hard Disk Camcorder","手提攝錄機"
"Visual Presenter","實物投影機"
"Electronic Auto Dry Box","電子防潮櫃"
"4-bay SATA","儲存裝置"
"Heavy Duty Punch","重型打孔機"
"Solid-state Drive","固態硬碟機"
"Labelling Machine","標籤機"
"USB3.0 External Drive","外置硬碟機"
"A4 Thermal Binding Machine","熱能裝釘機"
"Double Sided Braille Embosser","點字壓紋機"
"Braille Display with Cursor Routing and USB Connector","點字顯示器"
"Integrated Circult","錄音筆"
"Harddisk","硬碟機"
"2TB 3.5"" SATA 6GB/s 7200RPM 64M Harddisk","硬碟機"
"3TB 3.5"" SATA 6GB/s 7200RPM 64M Harddisk","硬碟機"
"Display Calibration Tool","顯示器校準工具"
"High Grade Wide Lens Handycam","手提高質廣角鏡頭攝錄機"
"iPod Touch 32GB","便攜式多功能數碼多媒體播放器"
"Co2 Gas Sensor for Data Logger","數據記錄儀用二氧化碳感應器"
"RangeMax","雙頻無線吉位元乙太網路路由器"
"Badge Maker","襟章機"
"Starter Pack for Data Logger","數據記錄儀入門包"
"Data Logger","數據記錄儀"
,
"Force Sensor for Data Logger","數據記錄儀用力量感應器"
"Soil Moisture for Data Logger","數據記錄儀用土壤濕度感應器"
"Sound Level Sensor for Data Logger","數據記錄儀用聲音感應器"
"Turbidity Sensor for Data Logger","數據記錄儀用濁度感應器"
"Accelevation Sensor for Data Logger","數據記錄儀用加速度感應器"
"Colorimeter Sensor for Data Logger","數據記錄儀用色度計"
"Oxygen/Dissolved Oxygen Adapter for Data Logger","數據記錄儀用氧氣適配器組件"
"2TB Hard Disk","硬碟機"
"Video Magnifier","影像放大器"
"Subwoofer Amplifier","超重低音擴音器"
"Cantonese Talking Measure Tape","粵語發聲拉尺"
"Dual Boot Mini TV Box","雙系統媒體播放器盒子"
"Thunderbolt Express Dock","「雷電」連接器標準連接線用分插器"
"Braille Display","點字刻印機"
"Standmaster","直立式支架"
"Router","路由器"
"12-Channel Audio Mixer","混音器"
"Power Amplifier","功率放大器"
"Ceiling Mount Bracket for JBL Speakers","揚聲器天花板支架"
"Wireless Microphone Receiver","無線麥克風接收器"
"Handheld Microphone","手提麥克風"
"Dual-channel Receiver Frame","無線接收器"
"Tuner Module","無線接收器組件"
"Wireless tie-clip Microphone","無線夾式麥克風"
"Double Cassette Deck","雙磁帶卡式錄音機"
"DVD/VCD/CD Player","光碟播放機"
"Digital Organ with 2 Speakers","管風琴連2個揚聲器"
"Distance Measuring Tool","距離量度儀器"
"Telephone Answering Machine","電話答錄機"
"Telephone","無線電話"
"Camera","數碼相機"
"High Pressure Cleaner","高壓清洗機"
"Cold Water High Pressure Cleaner","冷水高壓清洗機"
"Fiberglass Twin Step Ladder 6""","梯具"
"Stainless Ladder","梯具"
"Fiberglass Twin Step Ladder 4""","梯具"
"Electric Welding Machine","焊機"
"Hydraulic Jack","千斤頂"
"Portable Generator","攜帶式變流器發電機"
"Dipmeter","測水位機"
"Inclinometer","測斜儀"
"Tiltmeter Sensor","傾斜儀"
"Wooden Tripod","木腳架"
"Prism Set Triple Adaptor","三頭稜鏡板"
"Prism","稜鏡"
"Theodolite Adaptor","全站儀接駁頭"
"Tribach with Optical Plummet","測量三角底座"
"Tribach Adaptor","底座接合頭"
"Mini Prism Set","套裝小型稜鏡"
"Prism Holder","棱鏡支托物"
"Single Prism Holder","單棱鏡支托物"
"Twin Prism Holder","雙棱鏡支托物"
"Prism Pole","反射頭桿"
"Ranging Pole","標桿"
"Lighting Device for Leveling Staff","望尺燈"
"Survey Traffic Sign","測量標示路牌"
"Prismatic Compass","指南針"
"Thermometer in Metal Case","溫度計連金屬外殼"
"Aluminum Tripod","鋁腳架"
"Extended Pole","延長桿"
"Bar Code Staff","條碼望尺"
"Staff","望尺"
"Stand for Staff","望尺座"
"Extended Pole for Prism","反射頭延長桿"
"Tripod for Reflector Pole","反射頭桿腳架"
"Hedge Shear","樹剪"
"Axe","斧頭"
"Shovel","鐵鏟"
"Machete","開山刀"
"Hoe","鋤頭"
"Measuring Tape","捲尺"
"Steel Tape","鋼尺"
"Digitilt Indicator","自動讀數儀"
"Inclinometer","測斜機"
"Battery Charger","充電機"
"Charger Adapter","充電插頭"
"Battery Box","電池盒"
"Expired Toner Cartridge","過期碳粉匣"
"Expired Imaging Drum","過期感光鼓"
"Expired Roller Kit","過期滾輪套件"
"Expired Transfer Kit","過期轉印套件"
"HP CB380A","空碳粉匣"
"HP CB381A","空碳粉匣"
"HP CB382A","空碳粉匣"
"HP CB383A","空碳粉匣"
"HP CB384A Imaging Drum","已用感光鼓"
"HP CB385A Imaging Drum","已用感光鼓"
"HP CB386A Imaging Drum","已用感光鼓"
"HP CB387A Imaging Drum","已用感光鼓"
"HP Q7553AC","空碳粉匣"
"HP Q7516AC","空碳粉匣"
"Panasonic UG-5575","空碳粉匣"
"Panasonic UG-3313","空碳粉匣"
"Sharp MX-23AT-YA","空碳粉匣"
"HP CE505XD","空碳粉匣"
"HP CF280XC","空碳粉匣"
"Kyocera TK-8509Y","空碳粉匣"
"Kyocera TK-8509M","空碳粉匣"
"Kyocera TK-8509C","空碳粉匣"
"Kyocera TK-8509K","空碳粉匣"
"Kyocera TK-8604Y","空碳粉匣"
"Kyocera TK-8604M","空碳粉匣"
"Kyocera TK-8604C","空碳粉匣"
"Kyocera TK-8604K","空碳粉匣"
"Air Compressor","空氣壓縮機"
"Aluminum Rollers for Transportation","鋁質輸送滾輪"
"High Pressure Cold water Cleaning Machine","高壓冷水清洗機"
"Electronic Scale","電子秤"
"Electric Saw","電鋸"
"Scrubber Drier","洗地吸乾機"
"Hand Trolly Shredder for Wood","手推碎木機"
"Diesel Water Pump with Electric Start","柴油水泵電機"
"Water Pump","抽水機"
"Personal Navigator Antenna","個人導航器天線"
"Hydrophone Sensor","水聽傳感器"
"Centrifuge","離心機"
"Temperature and Humidity Chart Recorder","溫度濕度記錄儀"
"Electronic Heavy Duty Stapler","電訂書機"
"Temperature and Humidity Chart Recorder","手提溫度濕度記錄儀"
"Dry Cabinet","乾燥櫃"
"Electronic Tape Dispenser","電膠紙機"
"8 Channel Electronic Pipette","電移液器"
"Eppendof Biophotometer","生物光譜儀"
"Precision Pulsed Microwave Oven","科學微波爐"
"Mini-shaker","小型振動器"
"UltraSonic Scaling Unit","超聲波洗牙機"
"Replenisher Unit","抽藥水機"
"Automatic X-ray Processing Machine","電動X光片沖片機"
"Autoclave","消毒爐"
"High Voltage Probe","高壓探頭"
"Keyboard for Radio Walkie Talkie","無線電對講機鍵盤"
"Dynamic Pressure Microphone","動圈麥克風"
"20 Core Cable","20芯電纜"
"Controller","控制板"
"Back Cover Kit","後蓋套件"
"Weather Proof Stream Line","全天候雲台"
"Mobile Duplexer","移動雙工器"
"Headset for Radio Walkie Talkie","無線電對講機耳機"
"Control Head","控制頭"
"Channel Modem","通道調製解調器"
"Triggered Spark Gap Surge Reduction","浪湧抑制濾波器"
"Directional Frequency Range Antenna","天線"
"Marine Rader Display","船用雷達顯示器"
"800 Mega Hertz Base Station/Repeater","800兆赫茲基站/中繼無線電機"
"Modem","數據機"
"Memory","記憶體"
"PDA Phone","智慧型手提電話"
"Tape Drive","磁帶機"
"Ladder First Floor","5米鋁合金二樓梯"
"Ladder First Floor","6.5米鋁合金二樓梯"
"Ladder Double Extension","5米鋁合金雙扯梯"
"Piano","鋼琴"
"Electronic Keyboard","電子琴"
"Bass Recorder","牧童笛"
"Vacuum Cleaner","吸塵機"
"Lunch Box Steam Warmer","飯盒保溫機"
"Scale","寄信磅"
"Mosquito Exterminator","滅蚊機"
"Electronic Dictionary","電子辭典"
"Microwave","微波爐"
"10' x 10' Electric Screen","電動屏幕"
"6' x 6' Electric Screen","電動屏幕"
"8' x 10' Electric Screen","電動屏幕"
"Manual Screen","手動屏幕"
"Video Distribution System","視頻分配系統"
"Microphone for PA System","麥克風"
"27"" Precision Cutter","切割機"
"Portable Projector","便擕式投影機"
"8-way Splitter with Earphone","8路分訊器連耳機"
"Handheld Wireless Microphone","手提無線麥克風"
"Wireless Tie Microphone","無線領夾麥克風"
"Shotgun Microphone","指向性麥克風"
"PA System with Wireless Microphone","廣播系統連無線麥克風"
"14-input Stereo Mixer","立體聲混音器"
"Hi-Fi","音響組合"
"Center Speaker","中置揚聲器"
"2-way Speaker","2路揚聲器"
"High Resolution Visual Presenter","高分辨率視覺演示器"
"Desktop Visualizer","座枱實物投影機"
"LED Display Board","電子顯示屏"
"Computer Backplane","電腦底板"
"CD Rewritable Drive","可重寫光碟機儀器"
"Tuner Card","調音卡"
"Controller","遙控器"
"3 Com SS II Switch Matrix Module","轉換器"
"3 Com SS II Switch 3300 24pts","轉換器"
"3 Com SS II Switch 3300 12pts","轉換器"
"3 Com SS II Switch 100 Base 7X Module","轉換器"
"Dehumidifier","除濕機"
"Blower","抽/送風機"
"Audio Player/Recorder","錄音機"
"Camcorder","攝像機"
"Binding Machine","訂裝機"
"Convertible Poster Stand","轉換式海報架"
"Firewall","防火牆"
"Hard Disk","硬盤"
"Proxy Server","電腦匯流排轉接器"
"512MB DDR Ram","記憶體"
"PCI Adaptor","代理伺服器"
"Grill-baking Oven","焗爐"
"Double-sided Corkboard with Stand","雙面鋁邊水松皮連腳架"
"Double-sided Fabric Cover Board with Stand","布面摺合式直掛活動展覽板"
"Pressure Washers","清洗機"
"Facsimile Machine","傳真機"
"Double-sided White Magnetic Board with Stand and Lock","雙面白磁板連腳架及鎖"
"White Magnetic Board with Stand","白磁板連架"
"Desktop Cabinet with 9 Drawers","9格文件櫃"
"Desktop Cabinet with 27 Drawers","27格文件櫃"
"Cassette Recorder","錄音機"
"CD Cassette Recorder","光碟錄音機"
"Rotary Trimmer","切紙機"
"CD Player","光碟播放機"
"Digital Document Camera","實物投影機"
"AV Selector","視訊切換器"
"Hands-free Voice Amplifier","免提擴音器"
"MD Hi-Fi System","MD音響組合"
"25.6"" Rotary Cutter","切紙機"
"Stainless Steel Notice Board and Stand","不銹鋼告示牌連座"
"Camera Lens","相機保護鏡"
"Electronic Flash","閃光燈"
"Camera Body","相機機身"
"High Magnification Finder","高倍率取景器"
"Mini LCD Projector","迷你液晶投影機"
"Megaphone","擴音機"
"Instant Dictionary","電子辭典"
"Camera Tripod","相機腳架"
"Camera with Lens","相機連鏡頭"
"Handycam","攝錄機"
"Mini Electric Lawn Mower","小型電動剪草機"
"Video PAL Presenter","視訊投影機"
"Backrail","金屬欄杆"
"Slide Projector","幻燈片投影機"
"4 in 1 Out AV Selector","四進一出視訊切換器"
"HiFi System","音響組合"
"Multifunction Directional Microphone","多功能麥克風"
"Network Printer Sharing Device","列印伺服器"
"USB Icy Blue Tablet","冰藍色數位板"
"Port Gigabit Ethernet Switch","千兆以太網交換機"
"Cutting Machine","切割機"
"Paper Folding Handle Machine","摺信機"
"Panasonic DVD/CD Player","光碟播放機"
"Facsimile Equipment","傳真機"
"Pencil Sharpener","鉛筆刨"
"Mailing Scale","郵寄磅"
"Calculator","計算機"
"Desk Lamp","檯燈"
"LAN Splitter","網絡分線器"
"DVD Handy Cam","手提攝錄機"
"Recorder","錄音機"
"DVD ROM Driver","外置光碟機"
"Digital Camera","防水數碼相機"
"Double Tape Cassette Deck","錄影帶機"
"Portable Radio Transceiver","對講機"
"Wheelchair with Hand Brake Function","輪椅車"
"Whiteboard","白板"
"Blood Pressure Monitor","血壓監測器"
"Clinostat","斜度儀"
"Stereoscopic Microscope","立體顯微鏡"
"Microscope without Mechanical Stage","不附設載物台顯微鏡"
"Mechanical Stage for Microscope","顯微鏡載物台"
"Student Microscope","學生顯微鏡"
"40X Stereo Microscope","40倍立體顯微鏡"
"pH Meter","酸鹼度測定計"
"Water Bath","水浴鍋"
"Cable Cover","水浴鍋掣冚"
"Test Tube Rack","水浴鍋試管架"
"Water Bath and Accessories","水浴鍋及配件"
"Olympic Balance Beam","奧林匹克平衡木"
"Vaulting Horse","鞍馬"
"iPod Classic","音樂播放器"
"Paper Shredder","條狀碎紙機"
"Floor Dryer","三速吹地機"
"Roller Shutter Door Steel Cabinet","捲門鋼櫃"
"Etching Press","蝕刻機"
"Turntable","製造陶瓷轉盤"
"Button Making Machine","襟章機"
"Canon 328","空碳粉匣"
"HP CE 205A","空碳粉匣"
"HP CE 250XC","空碳粉匣"
"HP CE 251AC","空碳粉匣"
"HP CE 252AC","空碳粉匣"
"HP CE 253AC","空碳粉匣"
"HP CE 278A","空碳粉匣"
"HP CE 505AC","空碳粉匣"
"HP CE 505XC","空碳粉匣"
"HP CF 280XC","空碳粉匣"
"HP CF 400A","空碳粉匣"
"HP CF 401A","空碳粉匣"
"HP CF 402A","空碳粉匣"
"HP CF 403A","空碳粉匣"
"HP Q1338A","空碳粉匣"
"HP Q5949A","空碳粉匣"
"HP Q7516A","空碳粉匣"
"HP Q7553XC","空碳粉匣"
"Ricoh SP150","空碳粉匣"
"Kyocera TK1177","空碳粉匣"
"Kyocera TK3167","空碳粉匣"
"Kyocera TK8604C","空碳粉匣"
"Kyocera TK8604K","空碳粉匣"
"Kyocera TK8604M","空碳粉匣"
"Kyocera TK8604Y","空碳粉匣"
"Brother TN2280","空碳粉匣"
"Panasonic UG-3380","空碳粉匣"
"HP C8061X","空碳粉匣"
"HP CB 380A","空碳粉匣"
"HP CB 384A Imaging Drum","已用感光鼓"
"HP CE 505A","空碳粉匣"
"HP CE 505X","空碳粉匣"
"HP CF 280A","空碳粉匣"
"HP CF 280X","空碳粉匣"
"HP Q 5949A","空碳粉匣"
"HP Q 7516AC","空碳粉匣"
"HP Q 7553X","空碳粉匣"
"HP Q 7553XC","空碳粉匣"
"Kyocera TK -1177","空碳粉匣"
"Photocopier","影印機"
"Engine","汽車引擎"
"Roller Shutter Cabinet","捲門儲物木櫃"
"HP Q2612AC","空碳粉盒"
"HP Q5949A","空碳粉盒"
"HP Q7516A","空碳粉盒"
"HP Q7553A","空碳粉盒"
"HP CE505AC","空碳粉盒"
"HP CB435A","空碳粉盒"
"HP CE285AC","空碳粉盒"
"HP CF280X","空碳粉盒"
"HP CF280A","空碳粉盒"
"HP CF283A","空碳粉盒"
"HP CF226A","空碳粉盒"
"HP CC530AC","空碳粉盒"
"HP CC531A","空碳粉盒"
"HP CC532AC","空碳粉盒"
"HP CE270A","空碳粉盒"
"HP CE271A","空碳粉盒"
"HP CE272A","空碳粉盒"
"HP CE273A","空碳粉盒"
"HP CE320A","空碳粉盒"
"HP CE321A","空碳粉盒"
"HP CE322A","空碳粉盒"
"HP CE323A","空碳粉盒"
"HP CE410A","空碳粉盒"
"HP CE411A","空碳粉盒"
"HP CE412AC","空碳粉盒"
"HP CE413A","空碳粉盒"
"HP CF276A","空碳粉盒"
"HP CF310AC","空碳粉盒"
"HP CF311AC","空碳粉盒"
"HP CF312AC","空碳粉盒"
"HP CF313AC","空碳粉盒"
"HP CF325XC","空碳粉盒"
"HP CF358A","空碳粉盒"
"HP CF359A","空碳粉盒"
"HP CF364A","空碳粉盒"
"HP CF365A","空碳粉盒"
"HP CF400A","空碳粉盒"
"HP CF401A","空碳粉盒"
"HP CF402A","空碳粉盒"
"HP CF403A","空碳粉盒"
"HP CF410A","空碳粉盒"
"HP CF500A","空碳粉盒"
"HP CF501A","空碳粉盒"
"HP CF502A","空碳粉盒"
"HP CF503A","空碳粉盒"
"HP CF500X","空碳粉盒"
"HP CF501X","空碳粉盒"
"HP CF502X","空碳粉盒"
"HP CF503X","空碳粉盒"
"HP C3906F","空碳粉盒"
"HP C9730AC","空碳粉盒"
"HP C9731AC","空碳粉盒"
"HP C9732AC","空碳粉盒"
"HP C9733AC","空碳粉盒"
"HP W2000A","空碳粉盒"
"HP W2001A","空碳粉盒"
"HP W2002A","空碳粉盒"
"HP W2003A","空碳粉盒"
"HP W2040A","空碳粉盒"
"HP W2110A","空碳粉盒"
"HP W2111A","空碳粉盒"
"HP W2112A","空碳粉盒"
"HP W2113A","空碳粉盒"
"Epson C13S050442","空碳粉盒"
"Epson C13S051162","空碳粉盒"
"Epson C13S051163","空碳粉盒"
"Epson C13S051164","空碳粉盒"
"Epson C13S051165","空碳粉盒"
"Panafax UG-5575","空碳粉盒"
"Digital Video Recorder","數碼攝錄機"
"Headphone","耳機"
"Card Reader","讀卡器"
"Switch","交換器"
"Digital Projector","數碼投影機"
"Poplin Blue","府綢藍布料"
"Strainer Basket Suction 5-1/2 inches","5吋半銅籃"
"Global Positioning System","手提衛星定位儀"
"Branch Water Applicator with 2-1/2 inches' Nozzle and Handle","重型喉筆"
"Ruggedized Video Inspection System","火場用微攝視頻監測系統"
"Water Collecting Head 2 X 65MM & 1 X 100MM MRT","消防車用欖核形三叉收水器"
"Key for Long Hydrant","長街井匙"
"Stretcher","擔架床，籃式帶背包"
"Stretcher","擔架床，網狀帶背包"
"Extendable Hand Saw","高枝樹鋸"
"Heavy Duty Bolt Cropper 36 inches","大較剪"
"Complete Pry Axe with Sheath","消防萬能斧"
"Universal Type Suction Hose Spanner Wrench","救火用塞順匙"
"Round Mouth Shovel with Metal Handle","圓鏟"
"36 inches Crowbar with Eyelets & Shoulder Line","36吋鈦金屬鐵筆"
"24 inches Crowbar with Eyelets & Shoulder Line","24吋鈦金屬鐵筆"
"3 Tonnes Shackle","3噸塞鼓"
"Water Breeching DIV/COL","消防車用120度收分水器"
"Recipro 18V Cordless Saw with Battery & Blade","18V電鋸"
"Hand Saw with Curved Blade 360MM","樹鋸"
"0-14 Bar Flow Gauge for Hydrant","街井流量計"
"Rescue Pulley","單滑輪"
"Wooden Block Pulley for 3 Inches Rope","木滑輪"
"Large Wheel Chock","大車轆墊"
"Small Wheel Chock","細車轆墊"
"Hand and Controlled Water Applicator Branch Tips","迷你喉筆"
"Cage Nozzle Water Applicator","升降台籠頂喉筆"
"Self-Rescue Equipment - Swiss Army Knife","瑞士軍刀"
"Roof Roller","頂端滑輪"
"Edge Roller","邊緣滑輪"
"Rescue Double Pulley","雙滑輪"
"Foam Making Branch Pipe 2-1/2 inches","製泡槍"
"Lever for Static Tank Cover","街井蓋勾"
"Rescue Machine Pulling with 60 Feet Steel Wire Rope","火場用拖拉機連60呎鋼索"
"Hammer Sledge with Handle 4 LBS","4磅鎚"
"Hammer Sledge with Handle 8 LBS","8磅鎚"
"Adaptor Double Female 2-1/2 inches Female Round Thread","適配器，雙母頭"
"Water Separator","分水器"
"Window Breaking Punch","破窗鑿"
"Hand Wheel for Hydrant","消防栓手輪"
"Digital Blood Pressure Meter","數碼血壓計"
"Lens 1.6-3.4MM","鏡頭"
"Intercom Unit","無線答錄機"
"Digital Video Camera","數碼攝影機"
"Fax Machine","傳真機"
"Paper Collator","分紙機"
"Digital Duplicator","複印機"
"Audio Mixer","音頻混合器"
"Lens 1.4/6-12MM","鏡頭"
"Compressor","壓縮機"
"Camera","攝影機"
"Control Unit","控制器"
"Mobile Phone with Battery and Charger","手提電話連電池及充電器"
"Stand of Electronic Whiteboard","電子白板腳架"
"Pcmcia Interface Adaptor of Test Equipment 'Rohde & Schwarz' Nrt-Z4","介面卡"
"Parallel Detect Panel","感應器"
"Intercom","對講機"
"4"" Display Module","4吋顯示模組"
"2W/4W Termination Set","電源轉換器"
"Dual-Tone Multi-Frequency/Call Progress Tone Generate & Detector","雙音多頻訊號感應器"
"Data Repeater Board","網路繼電器"
"Connect/Disconnect Switch Card","斷流開關卡"
"110W 3U Power Supply Unit for Telephone/Facsimile","電源供應器"
"Brush Cutter","剪草機"
"Gas Indicator","氣體探測儀"
"Growth Chamber","程控人工氣候箱"
"Paper Folder","摺信機"
"Tripod","三腳架"
"Concentrator","高效濃縮機"
"Sulfites Apparatus","二氧化硫測試工具"
"Vacuum Rotory Evaporator","旋轉蒸發器"
"Manifold Vacuum","真空乾燥器"
"Magnetic Stirrer with Heater","攪拌器"
"Sample Rack","樣本架"
"Clothes Dryer","乾衣機"
"Work Top Refrigerator Chiller 1 [","冷凍櫃"
"Digital Carmera","數碼相機"
"Flow Injection Analyzer","流動注射分析儀"
"DVD Player","影碟播放器"
"Hi-Fi System","音響組合"
"VCD Hi-Fi System","影碟音響系統"
"Chinese Billiard","康樂棋"
"Soccer Game Machine","足球遊戲機"
"TV Top box","電視高清盒"
"Oven","焗爐"
"Combi Steamer","蒸焗爐"
"Hot & Cold Water Dispenser","冷熱水機"
"Electric Impact Drill","電鑽"
"Ammonia Gas Alert Monitor with Vibration Alarm","阿蒙尼亞測試儀錶"
"Temperature Recorder","溫度紀錄器"
"Thermo-Hunter","量度溫度儀錶"
"Gas Detector Gas Alert Max XTII","量度空氣儀錶"
"Vacuum Pump","真空泵"
"Air-conditioner 12000BTU Mobile Type","移動式冷氣機"
"Digital Cordless Phone","無線座台電話"
"Working Table","工作檯"
"Earphone","耳機"
"Square Meeting Table","會議檯"
"45W Loudhailer","揚聲器"
"Air Purifier","空氣清新機"
"Water Dispenser","飲水機"
"Integrated Chip Recorder","錄音機"
"Intergrated Chip Recorder","錄音機"
"Hand Held Laser Scanner","激光掃描器"
"Portable Data Terminal","便攜式數據終端器"
"Cradle","便攜式數據終端器充電支架"
"Desktop Calculator","計數機"
"Portable Cordless Public Address System with Wireless Microphone Transmitter","手提無線擴音器"
"Clock","掛牆鐘"
"High Back Manager Chair","大班椅"
"High Back Leather Chair","大班椅"
"Desk Lamp","枱燈"
"Data Terminal Portable Datalogic","便攜式數據終端"
"Charging Cradle","充電座"
"High Chair","高腳椅"
"Ultrasonic Detector Kit","超聲波檢測表"
"Pressure Recorder","壓力記錄儀"
"Electronic Coating Thickness Gauge","塗層測厚儀"
"Inductively Coupled Plasma Mass Spectrometer and Accessories","電感耦合等離子體質譜儀及其配件"
"Liquid Heater","液體加熱器"
"Insulated Container for Van","恆溫箱"
"Automated Digital Imaging Particle Analysis System","自動藻類數算系統"
"Enamel Kiln","瓷器窯"
"Ceramic Kiln","陶瓷窯"
"Exercise Bike","健身單車"
"Cross Trainer","交叉訓練器"
"Pull-up Rack","拉起機架"
"Rowing Machine","划船機"
"Film Camera","菲林相機"
"Lens","相機鏡頭"
"Wireless Transmitter","無線傳輸器"
"Digital Camera","數碼相機連鏡頭"
"Lens Filter","保護鏡"
"Battery Grip","電池手柄"
"Telephone System","電話系統"
"Telephone Set","電話機"
"Public Address System","廣播系統"
"Digital pH Meter","數字式酸鹼計"
"pH Meter","酸鹼計"
"Dispenser","分液器"
"Dry Cabinet","防潮箱"
"LCD Digital Microscope","液晶數碼顯微鏡"
"Low Frequency Signal Generator","低頻訊號產生器"
"Digital Signal Generator & Amplifier","數碼訊號產生器及放大器"
"Electric Vacuum Pump","電動真空泵"
"Mixer","打蛋器"
"Dishwasher","洗碗碟機"
"Steamer","蒸氣熨斗"
"Folding Table","摺合式活動餐桌"
"Wheel Chair","輪椅"
"Water Bath","衡溫水浴器"
"Oscilloscope","雙軌示波器"
"Smoke Machine","煙霧機"
"Mixer","混音器"
"Potters Kick Wheel","陶工轉動輪"
"3-speed Floor Dryer","三速吹地機"
"Steamer","大型蒸爐"
"Radio Cassette Recorder","卡式收音錄音機"
"Electric Punching Machine","電動重型打孔機"
"Document Cabinet","捲簾門文件櫃"
"Waterpot","水壺"
"Electric Kettle","電水煲"
"Quarty Wall Clock","掛鐘"
"Punch Two-Hole","重型兩孔打孔機"
"Binding Machine","裝訂機"
"Punch","打孔機"
"Auto Stapler","自動釘書機"
"Paper Drilling Machine","紙鑽機"
"Electric Kettle","電熱水煲"
"DVD Hi-Fi System","影碟音響組合"
"Scale","體重電子磅"
"Rowing Machine with Monitor","划艇機連顯示屏"
"LCD Digital Timer","液晶電子計時器"
"Timer with Built-in Printer","計時器連打印装置"
"Screen 70""x 70""","投影屏"
"Camera with AF-28-80mm","相機"
"Binoculars with Luxury Strap & Pouch","望遠鏡"
"Memory Card","記憶卡"
"Battery Charger","充電器"
"4-Port Dialogic Card","4 端口對話卡"
"Industrial Server","工業用伺服器"
"Keyboard Video Mouse Switch","多電腦切換器"
"Electric Steam Table","電蒸台"
"Digital Camera with Charger","數碼相機連充電器"
"Portable CD-ROM","光碟機"
"Cassette Recorder","卡式錄音機"
"Wooden Cabinet","木櫃"
"Wooden Desk","木檯"
"Pedestal","側櫃"
"Wooden Counter Desk","木櫃檯"
"Partition","間隔板"
"Video-camera","手提攝錄機"
"Copy Machine","影印機"
"Document Feeder for Copy Machine","進紙器"
"Office Folding Machine","摺信機"
"Portable Air-conditioner","移動式冷氣機"
"Sofa","梳化"
"Chinese Dictionary","中華新字典"
"Plain Paper Facsimile Machine","傳真機"
"Wardrobe","衣櫃"
"Machine","標籤機"
"Tunic Winter Navy Blue Barathea","男裝冬季線絨上衣"
"Tunic Summer Blue Dac","女裝的確涼夏季衫"
"Lacie D2 Extreme FW800/400/USB2 200GB","外置硬碟"
"Motion Display","動態展板"
"Brassiere","胸圍"
"Finger Ring","戒指"
"Handbag/Bag","手袋/袋"
"Hanger","衣架"
"Trinket/Novelty/Imitation Jewellery","飾物"
"Wallet/Purse","錢包"
"Mobile Phone Accessory","手提電話配件"
"Hardware and Appliance","鐵器及器具"
"Cap/Hat","帽"
"Kitchenware","廚房用具"
"Passport Holder/ID Card Cover","証件套"
"Raincoat","雨衣"
"Earrings","耳環"
"Ornament","裝飾品"
"Towel","毛巾"
"Baby's Goods","嬰兒用品"
"Global Positioning System","舊全球定位器"
"Electric Pump","舊電動泵"
"Battery","舊電池"
"Mobile Phone","舊手提電話"
"Bed Sheet/Cover","床單/床套"
"Claw Machine","夾娃娃機"
"Token Changer","代幣兌換機"
"Coin Changer","硬幣兌換機"
"Used Trailer Reg. No.: 45718T Chassis No.: LSEJG3A4530006478","舊拖架"
"Split Type Air-conditioner","分體式冷氣機"
"Safe","夾萬"
"Double Burner Hotplate","雙頭煮食爐"
"Range Hood","抽油煙機"
"Electric Kettle","電熱水壺"
"Rice Cooker","電飯煲"
"Telephone","電話"
"Air-cooler","冷風機"
"Television","液晶體電視機"
"Electric Water Heater","電熱水爐"
"Electric Fan","電風扇"
"Hair Dryer","風筒"
"Portable Fan","手提風扇"
"Fan","風扇"
"CD/Radio Player","光碟播放/收音機"
"Window Type Air-conditioner","窗口式冷氣機"
"Exhaust Fan","抽氣扇"
"Radio","收音機"
"Water Boiler","熱水壺"
"Computer Monitor","液晶體電腦顯示屏"
"Gas Water Heater","氣體熱水爐"
"Insect Killer","殺蟲器"
"Hub with Management Module Software","集線器連管理模組軟件"
"Student Chair","學生椅"
"A3 Laminator","A3過膠機"
"Precision Cutter","切紙器"
"4-seat Chair with Armrests","四座位有扶手背椅"
"Whiteboard with Wheels","有轆白磁板"
"Megaphone","擴音器"
"CD/Radio Cassette Recorder","光碟卡式收音錄音機"
"Wall-mount Public Address Speaker","掛牆揚聲器"
"Thermal Binding Machine","熱熔釘裝機"
"Yangqin","3排半揚琴"
"Chung Ruan","中阮"
"Tiger Erhu","虎丘二胡"
"Yangqin","四排揚琴"
"White Wood Liuqin","白木柳琴"
"18-stringed Zheng","18弦鋼線古箏"
"Bb Trumpet","小號喇叭"
"Robot","機械人"
"Robot Set","機械人套件"
"Robot Accessory","機械人配件"
"Controller Board","搖控器板"
"Robot Teaching Kit","機械人教材套件"
"Robot Control Unit","機械人搖控器"
"Education Base Set","教育教材套裝"
"Outdoor Table and Chair","戶外檯椅"
"Robot Dog","機械狗"
"3D Milling Machine","3D立體銑床"
"Robot","機器人"
"Hydraulic Machines Wooden Kit","油壓系統木套件"
"Plate Cutting Machine","平板切割機"
"3D Printer","3D立體打印機"
"High Resolution Presenter","實物投影機"
"LaserDisc Player","影碟播放機"
"Video Tape Recorder","錄影機"
"Wireless Microphone System","無線麥克風系統"
"Digital Light Processing Projector","數位光處理投影機"
"Video Camera Microphone","攝錄機麥克風"
"Thermograph with 7 Days Clock Charts","温度記錄儀連7日時鐘表"
"Sunshine Recorder","日照計"
"Auto-Focus Slide Projector","幻燈片機"
"Digital Presenter","實物投影機"
"Media Drive","媒體儲存器"
"External SCSI Connector","連接器"
"Movie Maker Hardware","電影製作硬件"
"Video Converter","影片轉換器"
"DVD/CD Duplicator","光碟複製機"
"Inkjet Automated 100-Disc Printer","光碟打印機"
"Hard Disk","硬碟機"
"MiniDisc Player","迷你光碟播放機"
"Digital Compact Player","數碼播放機"
"Digital Broadcast Set Top Box","數碼電視機頂盒"
"Speakers","揚聲器"
"2-way Hi-Fi Speaker","雙聲道揚聲器"
"Double Stereo Cassette Tape Deck","卡式帶機"
"Feedback Eliminator","反饋消除器"
"Equalizer","混音器"
"Power Amplifier","擴音機"
"Changeover Switch Box","轉換盒"
"Chair for Visitors","大堂客排椅"
"Ball Cart","球車"
"Camera with Backup Battery","相機連後備電"
"Digital Video Recorder","錄像機"
"Vertical Infrared Thermometer","直立式紅外線人體温測儀"
"4 Drawers Steel Filing Cabinet","四桶鋼櫃"
"Music Stand","譜架"
"Cello","大提琴"
"15"" Viola with Shoulder Rest","中提琴連肩托"
"16"" Viola","中提琴"
"Viola","中提琴"
"Piano with Bench","鋼琴連琴椅"
"Electric Floor Polisher","地板拋光機"
"Drying Rack","乾燥棚"
"Printmaking Machine","版畫機"
"Cabinet for TV","電視櫃"
"CD/Cassette Recorder","光碟/磁帶錄音機"
"Mosquito Lamp","電子滅蚊燈"
"Open Shelf Cabinet","櫃"
"3-speed Floor Dryer","三速吹風機"
"2 Doors Cupboard","兩門櫃"
"Firewall","防火牆硬件"
"11mbps PCMCIA Wireless LAN Card","無線網路卡"
"Mixer Amplifier","混音擴音器"
"Cassette Recorder","磁帶錄音機"
"Direct Projector","實物投影機"
"Digital Handy-camera","手提攝錄機"
"Amplifier with Karaoke","卡拉OK擴音器"
"Media Player","影音播放器"
"Speaker and Wireless Microphone","揚聲器及無線麥克風"
"Mixer","調音台"
"Portable Cassette Recorder","便擕式磁帶錄音機"
"Radio Cassette Recorder","磁帶收音錄音機"
"Computer Table","電腦檯"
"Desktop Shelf for Computer Table","電腦櫃"
"Table","檯"
"Stainless Steel Signboard","不銹鋼告示牌"
"CD Duplicator","燒碟機"
"Wireless Amplifier/Receiver","無線擴音機/接收器"
"Slide Tray","幻燈片投影機托盤"
"Laser Pointer","雷射光筆"
"Digital Video Handycam","數碼手提攝錄機"
"Voice Pen","錄音筆"
"Digital Video Camcorder","數碼攝錄機"
"Digital Voice Recorder","數碼錄音機"
"Double Bass Case","低音提琴盒"
"3 Step Choir Riser","合唱團台階"
"Server Rack","伺服器機櫃"
"Square Metering Cubicle with Accessories","電錶箱連配件"
"Voltage Regulator","調壓器"
"Hot and Cold Water Dispenser","冷熱水機"
"Gas Detector","氣體探測器"
"Franking Machine Electronic Scale 5KG","郵資機"
"Welding Helmet","焊接頭盔"
"Welding Set","直流電焊機"
"Precision End Mill Sharpener","精準磨鏍條機"
"Single Acting Chuck","四爪單動卡盤"
"Electric Belt Sander","電動砂帶機"
"235mm Electric Saw","手提電鋸"
"Electrical Tarplaner with Accessories","電木鉋連配件"
"Air Cooler","涼風機"
"Radial Drill 38""","搖臂鑽床"
"Lathe with Accessories","車床連配件"
"Shaping Machine","鉋床"
"Spectrometer","質譜儀"
"Incubator","培養箱"
"Cooled Incubator","冷卻培養箱"
"Deionized Water System","去離子水系統"
"Electronic Dry Cabinet","電子防潮箱"
"Water Purification System","淨水機系統"
"Muffle Furnance","馬弗熔爐"
"Turbidity Meter","濁度計"
"Hotplate","電子加熱盤"
"Ion & pH Meter","離子及酸鹼度計"
"pH Meter","酸鹼度計"
"Glass Draft Shield for AC400 Electric Balance","電子磅玻璃罩"
"Electric Balance","電子磅"
"Switch","轉換器"
"Hub","集線器"
"Encoding and Editing Device","視頻調諧器"
"Display Card","顯示卡"
"External Hard Disk Drive","外置硬盤"
"Hard Disk Drive","硬盤"
"Server","伺服器"
"Car Engine","汽車引擎"
"Transceiver","對講機"
"Expired Ink Cartridge","過期墨盒"
"Video Cassette Recorder","卡式錄影機"
"Radio Cassette Recorder","收音錄音機"
"Wall-mounted Fan","掛牆風扇"
"Table-top Fan","座枱風扇"
"24"" Mountain Bike","24吋爬山單車"
"20"" Mountain Bike","20吋爬山單車"
"Air Cooler","冷風機"
"Plan Chest","鋼圖則四桶櫃"
"Theodolites","經緯儀"
"Portable Meeting Amplifier","手提擴音機"
"Office Table","辦公枱"
"Cabinet","櫃"
"Firefighting Training Unit","滅火訓練用貨櫃"
"Fleet No. F422","泵車"
"Fleet No. F43","搶修車"
"Spare Wheel and Tyre","後備輪胎"
"Fleet No. F420","泵車"
"Panasonic UG 5575","空碳粉匣"
"Kyocera TK 1177","空碳粉匣"
"Kyocera TK 6309","空碳粉匣"
"Kyocera TK 7109","空碳粉匣"
"Kyocera TK 5219K","空碳粉匣"
"Kyocera TK 5219C","空碳粉匣"
"Kyocera TK 5219M","空碳粉匣"
"Kyocera TK 5219Y","空碳粉匣"
"HP Laserjet 80A","空碳粉匣"
"HP Laserjet 80X","空碳粉匣"
"HP Laserjet CF280XC","空碳粉匣"
"HP Laserjet 26A","空碳粉匣"
"HP Laserjet 26X","空碳粉匣"
"HP Laserjet CF226XC","空碳粉匣"
"HP Laserjet CE400A","空碳粉匣"
"HP Laserjet CE401A","空碳粉匣"
"HP Laserjet CE402A","空碳粉匣"
"HP Laserjet CE403A","空碳粉匣"
"HP Laserjet CE270A","空碳粉匣"
"HP Laserjet CE271A","空碳粉匣"
"HP Laserjet CE272A","空碳粉匣"
"HP Laserjet CE273A","空碳粉匣"
"HP Laserjet CB540A","空碳粉匣"
"HP Laserjet CB541A","空碳粉匣"
"HP Laserjet CB542A","空碳粉匣"
"HP Laserjet CB543A","空碳粉匣"
"HP Laserjet CF359A","空碳粉匣"
"HP Laserjet CF364A","空碳粉匣"
"HP Laserjet CF365A","空碳粉匣"
"HP Laserjet CF310A","空碳粉匣"
"HP Laserjet Q5949X","空碳粉匣"
"SAMSUNG ML-D3470A/SEE","空碳粉匣"
"EPSON Toner Cartridge 0614","空碳粉匣"
"EPSON Ribbon Cartridge 7753","空碳粉匣"
"Radar with Monitor","雷達連顯示器"
"Jet Ski [LCSD","小型噴射快艇"
"Inboard Engine","舷內發動機"
"Trolley","車架"
"Glass Reinforced Plastic","玻璃纖維製充氣橡皮艇"
"Paddies Retainer","拉索"
"Boarding Ladder","小型繩梯"
"Sea Anchor with Rope","海錨連繩"
"Repair Kit","維修工具"
"Rescue Quoit and Line","救生環連繩"
"Portable Search Light","手提射燈"
"Compass","羅盤"
"Pressure Gauge","氣壓計"
"Empty Fuel Can","空電油桶"
"Overall Cover","遮擋套"
"Spare Propeller","備用螺旋槳"
"Voltmeter","電壓表"
"Centre Console with Steering Wheel","操控台連方向盤"
"Combined Hand/Foot Bellow","手動氣鼓"
"Removable Mast with Navigation Light","可移除桿連航行燈"
"Extra Rubbing Strake Fender","護舷墊"
"HP CE411AC","空碳粉匣"
"HP CE410XC","空碳粉匣"
"HP CE412AC","空碳粉匣"
"HP CE413AC","空碳粉匣"
"HP CF361XC","空碳粉匣"
"HP 48A","空碳粉匣"
"HP CF248A","空碳粉匣"
"HP CF360XC","空碳粉匣"
"HP CF362XC","空碳粉匣"
"HP CF363XC","空碳粉匣"
"HP Q2613A","空碳粉匣"
"Kyocera TK-594C","空碳粉匣"
"Kyocera TK-594K","空碳粉匣"
"Kyocera TK-594M","空碳粉匣"
"Kyocera TK-594Y","空碳粉匣"
"HP Q2612AC","空碳粉匣"
"HP C7115X","空碳粉匣"
"HP C9700A","空碳粉匣"
"HP C9701A","空碳粉匣"
"HP C9702A","空碳粉匣"
"HP C9703A","空碳粉匣"
"HP CE314A","空碳粉匣"
"HP Q6000A","空碳粉匣"
"HP Q60001A","空碳粉匣"
"HP Q6002A","空碳粉匣"
"HP Q6003A","空碳粉匣"
"Toshiba T-2450D-S","空碳粉匣"
"Toshiba T-FC415PK","空碳粉匣"
"Expired Imaaging Drum","過期感光鼓"
"Expired Imagine Drum","過期感光鼓"
"Expried Tone Cartridge","過期碳粉匣"
"Waste Toner Collector","碳粉收集盒"
"Medical Freezer","醫療用雪櫃"
"Optical Microscope","光學顯微鏡"
"Grinder","研磨器"
"Thermal Cycler","熱循環儀"
"Heat Block","加熱器"
"Sieve","篩子"
"Blood Analyzer","血液分析儀"
"Blood Analyzer Accessory","血液分析儀配件"
"Ozone Generator","臭氧製造機"
"Thermal Printer","熱感打印機"
"Gel Imaging System","凝膠成像系統"
"Oxidation-Reduction Potential Controller","氣化還原電位計"
"Microscope Camera","顯微鏡相機"
"Wide-Angle Converter","廣角鏡"
"Microscope Lens","顯微鏡鏡頭"
"Probe Extension Cable","探頭延長線"
"Chloride Probe","氯探頭"
"Probe Multimeter","探頭儀"
"Sounder Depth Meter","聲納深度計"
"pH Probe","pH探頭"
"Temperature/Conductivity Probe","溫度/導電探頭"
"Dissolved Oxygen Probe","溶氧探頭"
"Global Positioning System Device","定位器"
"Fume Hood","抽風櫃"
"Thermohygrograph","溫濕計"
"Gas Chromatograph","氣相色譜儀"
"Mass Selective Detector","質譜儀"
"Inert Mass Spectrometer Detector Electronics","惰性質量檢測器電子零件"
"Auto Sampler","自動進樣器"
"Auto Sample Injection Machine","自動樣本注射器"
"Mercury Analyzer","汞分析儀"
"Pump","泵"
"Recorder","記錄儀"
"Gas Regulator","氣體調壓器"
"Heating Mantle","電熱爐"
"Post Column Reaction Machine","柱後反應器"
"Temperature Module","溫度控制器"
"Ultrasonic Cleaner","超音波清洗器"
"Circulator Water Bath","循環水浴"
"3-Head Configuration Cassette Tape Deck with Remote Control","3頭配置盒式磁帶機連遙控器"
"Speaker","擴音箱"
"Simultaneous Interpretation System","即時翻譯器材"
"Eight Channel Simultaneous Interpretation System Receiver","八頻道翻譯接收器"
"Sound Control System","音效控制器材"
"Interpretation and Communication Equipment","翻譯通訊器材"
"Interpretation Equipment Interface","翻譯器材界面"
"Amplifier","擴音器"
"Audio Generator","音頻產生器"
"Video Camera","錄像相機"
"Video Presenter","實物投影機"
"Video Recorder","錄影機"
"Double Cassette Tape Recorder","雙盒式磁帶錄音機"
"Double Cassette Tape Speaker","雙盒式磁帶揚聲器"
"DVD Player","影碟播放機"
"Stainless Steel Trolley","不鏽鋼籠車"
"Switch","網路交換器"
"Cassette Tape Recorder","卡式錄音機"
"Double Bass","低音提琴"
"Bass Drum","低音鼓"
"Banhu","板胡"
"4/4 Size Cello with German Strings","大提琴"
"Sheng","36音笙"
"Zhong Ruan","北京中阮"
"Balance Beam","平衡木"
"Balance Beam","矮平衡木"
"Parallel Bars","雙槓"
"CD Duplicator","光碟複製機"
"DLP Projector","數位投影機"
"Mat Trolley","垂直安全地墊車"
"Electronic Scoreboard","電子計分牌"
"Volleyball Posts with Pulley System","帶滑輪系統排球柱"
"Health Scale","人體磅"
"Drawing Cutting Kit","繪圖切割機"
"Ammeter","安培計"
"Signal Generator","訊號產生器"
"Card Printer","卡片打印機"
"Multimedia Projector with Accessory Pack","投影機連配件"
"Digital Video Camera","攝錄機"
"Camcorder","攝錄機"
"Digital Camcorder","攝錄機"
"MD Player","光碟播放機"
"Electric Pump","電泵"
"DVD/MD/Micro Hi-Fi System","光碟音響組合"
"Production Mixer","混音器"
"Infrared Handheld Type Microphone","紅外線無線麥克風"
"Preamplifier Mixer","混音前置擴音器"
"2-way Speaker","二路揚聲器"
"2-1/4"" Round Button Machine","襟章機"
"Soloist Junior Marimba","低音木琴"
"Cello Set Eby-Fingerboard","大提琴黑木指板"
"Bongo","邦哥鼓"
"DVD/CD Player","光碟播放機"
"Walkie-Talkie","對講機"
"3"" LCD Monitor with 19"" Rack-Mount Kit","液晶顯示器連裝配架"
"Wireless Speaker","無線揚聲器"
"Tape Autoloader","磁帶自動裝卸機"
"Convector Heater","電暖爐"
"TV Hanger","電視吊架"
"Glass Table","玻璃檯"
"Wet Vacuum Cleaner","吸水機"
"Display Board","展板"
"Time Recorder","打卡機"
"Dehumidifier","抽濕機"
"Mosquito Killer","滅蚊機"
"Portable Amplifier with Wireless Handheld Microphone","可攜帶式音箱連無線麥克風"
"Portable Amplifier","可攜帶式音箱"
"Digital Video Recorder Network","網絡錄影機"
"Day/Night High Definition Dome Camera","高解像度日/夜半球型攝像機"
"Digital Video Server","數碼視像伺服器"
"Ice Machine","製冰機"
"Garden Mower Tractor","剪草車"
"Backpack Brushcutter","背囊式除草機"
"Tree Pruner","修樹剪"
"Semiautomatic Defibrillator","半自動體外心臟除顫器"
"Handheld Metal Detector","手提金屬探測器"
"Shoe Polishing Machine","皮鞋抛光器"
"Automated External Defibrillator","自動體外心臟去顫器"
"Full Color LED Screen","全彩色屏幕"
"Board","室内顯示屏"
"Audio-Video Splitter","音視頻選擇分配器"
"Audio-Video Selector","音視頻切換器"
"Splitter","分配器"
"Switch","切換器"
"Distributor","多路系統分配器"
"Video Cable","視頻電纜"
"Audio Cable","音頻電纜"
"Audio-Video Cable","音視頻電纜"
"Television Antenna Cable","電視天線電纜"
"Plug","插頭"
"Local Area Network Cable","網路線"
"Television Antenna Splitter","電視天線分配器"
"Audio-Video Splitter","音視頻分配器"
"Audio-Video Adapter","音視頻變壓器"
"Alternating Current Power Cord with IEC 60320 C13 Connector","交流電源線及連接器"
"Alternating Current Power Cord with IEC 60320 C7 Connector","交流電源線及連接器"
"Set-top Box Line","解碼器線"
"Remote Control","搖控器"
"Stereo Radio Cassette Recorder","立體聲收音錄音機"
"Audio Power Amplifier","擴音機"
"Digital Audio Broadcasting+/FM & Digital Television Receiver","數碼聲音廣播+/FM及 數碼電視接收器"
"Video Timer","影像計時器"
"Stereo AM/FM Digital Tuner","AM/FM立體聲數碼調諧器"
"6 Sockets Extension Unit","6插頭拖板"
"1 Socket Extension Unit","1插頭拖板"
"3 Sockets Extension Unit","3插頭拖板"
"10 Sockets Extension Unit","10插頭拖板"
"3-pin Adapter","3腳萬能插蘇"
"4 Sockets Extension Unit","4插頭拖板"
"Alternating Current Adapter","火牛"
"Television Trolley","電視手推車"
"Film Camera with Standard Lens","菲林相機連標準鏡頭"
"Flash Meter","測光表"
"F4 lens","F4鏡頭"
"Film Back","菲林背"
"Sky Light Filter","濾光鏡片"
"Automatic Extension Tube","相機自動延伸管"
"Grid Lines Focus Screen","格線對焦屏片"
"Skylight Filter","濾光鏡片"
"Tripod Head","雲台三腳架"
"Camera Grip","相機手抦"
"Camera View Finder","相機觀景器"
"Automatic Extension Tube","自動伸延管"
"Camera Back","相機底背"
"Focusing Screen","對焦屏片"
"Shutter Cable","快門線"
"Filter","濾鏡片"
"Polariod Film Back","寶麗來菲林盒"
"Fuji Xerox CT 201938","空碳粉匣"
"Panasonic UG5575","空碳粉匣"
"Fujixerox CT201938","空碳粉匣"
"Fujixerox 113R00684","空碳粉匣"
"Fujixerox CT201160","空碳粉匣"
"Kyocera TK8525","空碳粉匣"
"Kyocera TK3114","空碳粉匣"
"Lexmark E360H11P","空碳粉匣"
"Lexmark 523HE","空碳粉匣"
"Samsung MLT-D205L","空碳粉匣"
"Samsung MLT-D203L","空碳粉匣"
"HP CF280X","空碳粉匣"
"HP CE505XC","空碳粉匣"
"HP CB383AC","空碳粉匣"
"HP CB381AC","空碳粉匣"
"Panasonic DQ H360R Imaging Drum","已用感光鼓"
"Panasonic DQ TU33R","空碳粉匣"
"Ricoh MP-4500S","空碳粉匣"
"Multi-Master","多用途三角打磨切割器"
"Indoor Antenna Signal Receiver","室內天線信號接收器"
"16-Channel Video Encoder","16路視頻編碼器"
"Flat Panel Antenna","平板天線"
"Dish Antenna","碟形天線"
"Antenna Receiver","天線接收器"
"Video Encoder","視頻編解碼器"
"Cellular Terminal","固定蜂窩終端"
"Telescopic Antenna","伸縮天線"
"Antenna","室外天線"
"Encapsulated Switch Mode Power Supply","封裝開關電源"
"Power Supply Unit","電源供應器"
"Power Supply","雙軌直流電源供應器"
"Data Interface Unit","數據連接器"
"Public Address Amplifier Speaker","功率放大器揚聲器"
"Wireless Audio System","無線音頻系統"
"Radio Transceiver","無線對講機"
"Cross-cut Shredder","碎紙機"
"Digital Video Camera","數碼攝像機"
"Stand for Bar-code Scanner","條碼掃描器底座"
"Bar-code Scanner","條碼掃描器"
"Chinese Input Writing Tablet","手寫板"
"Electronic Sealing Wax Heater","電子密蠟加熱器"
"Tea Urn","茶炊"
"Electronic Typewritwer","電動打字機"
"Video Cassette Recorder","卡式錄像機"
"Rechargeable Battery","充電池"
"Indoor Wireless Telephone","室內無線電話"
"External CD Writer","外置光碟機"
"Electric Projector Screen","電動投影屏幕"
"Mixing Amplifier","混音放大器"
"Digital Recorder","數碼記錄器"
"Tyre","輪胎"
"Bluetooth Pocket PC","藍牙掌上電腦"
"Photocopier without Harddisk","影印機"
"Wooden Computer Rack","電腦木架"
"Typewriter","打字機"
"Wooden Rectangular Table","木長方型檯"
"Wooden Rectangular Table with Two Drawers","木長方型檯"
"Tracing Paper 93-95 grams per square meter","描圖紙"
"Multistory Computer Table","多層電腦檯"
"Machine Paper Shredding","碎紙機"
"Hydraulic Folding Dining Table","油壓摺合餐檯"
"Wireless Lavalier Microphone System with Microphone","無線麥克風系統連麥克風"
"Network Video Recorder with 4 Waterproof Cameras and 4TB Harddisk","網絡錄影機"
"Wooden Computer Table","木檯"
"Camera with EF 24-27mm F/4L IS USM Lens Kit","相機"
"Camera with Canon PF 24-240MM F4-6.3 IS USM Lens","相機"
"Camera with XF16-80mm f/4 Lens and Kit Set","相機"
"Curtain","窗簾"
"Glass Whiteboard","玻璃白板"
"Digital Door Lock 2 Way","門鎖"
"LCD Projector","投影機"
"Camera Mini Drone with Accessories Package","航拍機"
"Water Purifier","濾水器"
"Duplicator","速印機"
"Duplicator with Stand","速印機"
"Vehicle","豐田客車"
"Share Tyre","豐田客車"
"Wrist Chain","舊手鏈"
"Ring","舊戒指"
"Necklace","舊頸鏈"
"Golden Pendant","舊金色吊墜"
"Haberdashery","洋雜"
"Plasticware","塑膠器皿"
"Underwear","內衣物"
"Computer Accessory","電腦配件"
"Silver Bricks","銀磚"
"Palladium Plates","鈀板"
"Gold Accessories","金飾"
"Skip","環保斗"
"Gold Slabs","金板"
"Ventilation Fan","抽氣扇"
"Toaster","多士爐"
"Shaver","鬚刨"
"Grill","燒烤爐"
"Water Boiler","熱水煲"
"Juicer","榨汁機"
"Ice-cream Making Machine","雪糕機"
"Game Console","遊戲機"
"Hair Removal Machine","除毛機"
"Iron","燙斗"
"Whisk","打蛋器"
"Electronic Book","電子閱讀器"
"Electric Drill","電鑽"
"Television Set-top Box","電視機頂盒"
"Electric Sewing Machine","縫紉機"
"Keyboard","鍵盤"
"Horse-like decoration item","馬型裝飾品"
"Electric Heater","暖爐"
"Grill","烤爐"
"Electric Water Boiler","電熱水煲"
"Statue","雕像"
"Safe-like Toy","玩具夾萬"
"Buddha Statue","佛像擺設"
"Human-like Wood Statue","人型木像"
"Table Lamp","檯燈"
"Gamepad","遊戲手制"
"Aluminum Ladder","鋁梯"
"Cooker Stove","煮食爐"
"Hand Pushing Chair","手推椅"
"Water Heater","熱水煲"
"Small Massager","小型按摩器"
"Blood Pressure Thermometer","血壓計"
"Electronic Pound","電子磅"
"Calculator","計數機"
"Table Light","檯燈"
"Heater","暖爐"
"Split-type Air-conditioner","分體式冷氣機"
"Table Top Cooker","煮食爐頭"
"Thermo Ventilator","浴室寶"
"DVD Player with Speaker","DVD播放機連揚聲器"
"Vase","花瓶"
"Clock","時鐘"
"Gas Cooker","氣體煮食爐"
"Iron","電熨斗"
"Television with Remote Control","液晶體電視機連搖控器"
"Gold Ring","金戒指"
"Gold Colour Chain","金色鏈"
"Gold Colour Medal","金色襟章"
"Green Colour Accessory","綠色飾物"
"Green Colour Ring","綠色戒指"
"Green Colour Bangle","綠色手鐲"
"Green Accessory","綠色飾物"
"Green Colour Pendant","綠色吊墜"
"Wooden Accessory","木裝飾物"
"Electric Shaver","電鬚刨"
"Electric Clock","電子鐘"
"Alarm Clock","鬧鐘"
"Orange Colour Pendant","橙色吊飾"
"Silver Colour Earring","銀色耳環"
"Silver Colour Chain","銀色鏈"
"Porcelain Accessory","瓷裝飾物"
"Green Colour Pendant","綠色吊飾"
"Gold Colour Accessory","金色飾物"
"Green Colour Chain","綠色手鏈"
"Maroon Colour Chain","褐色手鏈"
"Black Colour Chain","黑色手鏈"
"Silver Colour Ring","銀色戒指"
"Electric Skin-care Device","電美容儀器"
"Set-top Box","機頂盒"
"Purple Colour Accessory","紫色飾物"
"Yellow Colour Ring","黃色戒指"
"Blue Colour Ring","藍色戒指"
"Torch","電筒"
"Table Top Cooker","煮食爐"
"Waste Toner Bottle","廢棄碳粉瓶"
"Potion Dispenser","藥水分配器"
"Laser Barcode Scanner","標籤讀取機"
"Osmometer","滲透壓檢測儀"
"Electrolyte Analyzer","電解質檢測儀"
"Laboratory Pump","實驗室泵"
"Drum Roller","滾筒機"
"Temperature Recorder","溫度記錄儀"
"Temperature Humidity Recorder","溫度濕度記錄儀"
"Conductivity Meter","電導率計"
"Digital Temperature Data Logger","溫度數據記錄機"
"Carbon Dioxide Regulator","二氧化碳調節器"
"Growth Incubator","生長培養櫃"
"Paddle","槳"
"Folding Achor","折疊錨"
"Empty Fuel Tank","空油桶"
"Motor Flusher","沖洗器"
"Towing Bridle","拖帶"
"Infra-red Beacon with Conventional Flasher","紅外線閃光燈"
"Retainer","拉索"
"Small Achor","小錨"
"Sea Anchor","海錨"
"Mooring Line","停泊繩"
"Tachometer","轉速計"
"Volmeter","電壓表"
"Glass Reinforced Plastic","玻璃纖維製船"
"Pilot Seat","駕駛座位"
"Navigational Light","航行燈"
"Bilge Pump with Auto or Manual Feature","自動或手動艙底泵"
"Portable Spotlight","手提射燈"
"Diver Ladder","潛水梯"
"Galvanized Anchor","鍍鋅錨"
"Remote Controlled Spotlight","遙控射燈"
"Electric Air Horn","電風喇叭"
"Helm Seat","駕駛座位"
"Strobe Red Light","閃紅燈"
"Automatic Bilge Pump","自動艙底泵"
"Search Light","射燈"
"Steering Console","轉向控制台"
"Twin Throttle Shift Control Lever","雙油門換檔控制桿"
"Signal Anchor Light with 2m Stand","信號錨燈連2米支架"
"Wiper with Screen Washer","刮水器連噴水清洗機"
"Folding Canvas Cover","折疊帆布蓋"
"Petrol Filter","汽油濾清器"
"Hydraulic Steering","液壓轉向"
"Stainless Steel Flag Staff","不銹鋼旗桿"
"Horn Speaker","喇叭"
"Air Horn Set","氣喇叭套裝"
"Life Buoy","救生圈"
"Life Jacket","救生衣"
"First Aid Box","急救箱"
"Aluminum Alloy Catamaran [LCSD","鋁合金雙體船"
"Hand Oar","槳"
"Foot Pump","腳踏泵"
"Flood Light","泛光燈"
"Life Buoy with Light","帶燈的救生圈"
"Anchor Winch with Foot Control and Remote","錨絞盤帶腳控和遙控器"
"20 Meters of 8mm Chain Link","20米8毫米鏈條"
"Circulating Fan","循環扇"
"Electric Horn","電喇叭"
"GPS Plotter","全球定位系統"
"Depth Sounder","測深儀"
"Windscreen Wiper","擋風玻璃雨刮器"
"Electric Davit","電動吊艇架"
"Generator Set","發電機組"
"Hydraulic Steering Assembly","風油軚"
"Radar with Scanner","雷達連掃描儀"
"DGPS with Antenna","定位系统帶天線"
"Loudhailer with Speaker","擴音機"
"Wind Speed and Direction Monitor","船用風速風向儀"
"Windscreen Wiper","擋風玻璃雨刷"
"Cassette Radio with Antenna","卡式收音機帶天線"
"Electric Horn","電笛"
"Navigation Light","航行燈"
"Stainless Steel Steering Wheel","不鏽鋼方向盤"
"Diver Boarding Ladder","潛水梯"
"Tank Dive Bottle Rack","潛水氣樽架"
"Davit System","吊艇架系統"
"Cockpit Shower","駕駛艙淋式花灑"
"Fish Livewell","魚倉"
"Deck Floodlight","甲板燈"
"Fold Down Seat","折疊座椅"
"Manual Bilge Pump","手動標止泵"
"Fan 12V","風扇"
"Bunk Mattress","床墊"
"Lightning Rod","避雷針"
"Electric Windlass","電起錨機"
"Lifejacket","救生衣"
"Dive Flag","潛水旗"
"Red Handheld Distress Flare","紅色求助照明彈"
"Anchor","錨"
"Anchor Chain","錨鏈"
"Mooring Line","繫泊索"
"Search Light","流動搜查射燈"
"Hose to Engine Flush Connector","軟管至發動機沖洗接頭"
"Fly Screen","防蠅紗"
"Portable Loud Hailer","便攜式擴音器"
"Remote Controller","遙控器"
"Winch Handle for Windlass","錨機絞盤手柄"
"Flexible Pipe","彈性喉管"
"Boat Hook","船鉤"
"Portable Fender","便攜式防撞泡"
"Storage Rack","儲物架"
"Wireless Megaphone System","無線擴音器"
"Yangqin","揚琴"
"Zhongruan","中阮"
"36-tube Alto Paisheng","36管中音排笙"
"Trombone","長號"
"36-note Dousheng","36音斗笙"
"Infra-red Automatic Embossing Seal","紅外線自動凹凸鋼印機"
"Keyboard","電子琴"
"Instant Water Boiler","桌上型温熱水機"
"Metal Cart for Jumping Mat","垂直高身墊車"
"Network Device Fan","網路設備風扇"
"CD Writer","光碟燒錄機"
"70"" Electric Screen","70吋電動屏幕"
"85"" Electric Screen","85吋電動屏幕"
"Wireless Receiver","無線收音器"
"Sliding Door Steel Cabinet","趟門鋼櫃"
"Filing Cabinet","抽屜文件櫃"
"Upper Window/Lower Sliding Door Steel Cabinet","上層玻璃/下層趟門鋼櫃"
"Steel Storage Rack","儲物鋼架"
"Feedback Exterminator","噪音消除器"
"Folding Table with Front Panel and Wheels","有轆摺疊桌"
"Steel Plan Chest","圖則鋼櫃"
"Mosquito Exterminator","滅蚊器"
"Electric Stapling Machine","電動裝訂機"
"Document Camera","實物投影機"
"Desktop Corner Cutter","座檯紙角切割器"
"Auto-boiler","自動熱水罉"
"Compact System","音響系統"
"Xylophone","木片琴"
"Suction Machine","抽痰器"
"Ultra Violet Lamp","紫外線燈"
"Electrocardiography Machine","心電圖機"
"Spirometer","肺活量計"
"Table Top Sterilizing Steam Oven","消毒蒸氣焗爐"
"Dehumidifier","空氣抽濕機"
"Portable Overhead Projector","投影器"
"Amalgamator","銀汞調和機"
"Elastomer Mixing Machine","印模材料混合機"
"Alginate Mixing Machine","海藻酸鹽混合機"
"Light Cure Unit","光固化機"
"X- Ray Film Processor","X光沖菲林機"
"Expired Recycled Toner Cartridge","過期環保碳粉匣"
"Moisture Meter","濕度測量器"
"Transparent Plastic Box","透明可摺膠盒"
"Facsimile Machine with Accessories","傳真機連配件"
"Fleet No. F421","泵車"
"Fleet No. F694","後備重型泵車"
"Fleet No. F787","喉車"
"Fleet No. F445","司落高"
"Fleet No. F561","第一截擊車"
"Outer Tyre","外輪胎"
"Battery Charger","電池充電機"
"Lifting Bag Testing Kit","氣墊袋測試儀"
"Dual Control Safety Unit","雙重控制安全單位"
"Braided Air Hose","編織空氣軟管"
"LaserJet Printer","鐳射打印機"
"Vaulting Buck","鐵腳鹿"
"Vaulting Horse","鐵腳鞍馬"
"Tennis Post","網球柱"
"Tennis Ball Machine","電動網球發球機"
"Fiberglass Basketball Backboard","玻璃纖維籃球板"
"Stainless Steel Ball Cart","不銹鋼球車"
"Cold Water Pressure Washer","冷水高壓清洗機"
"Single-Disc Machine Power Cleaner","單盤洗地機"
"Outdoor Mosquito Killer","戶外滅蚊機"
"Indoor Photocatalyst Mosquito Killer","室內環保光觸媒滅蚊機"
"Stainless Steel Retractable Belt Barriers","不銹鋼伸縮欄杆"
"Electric Steam Oven","電蒸爐"
"Digital Camera Kit","數碼相機套裝"
"Speedlight Unit","閃光燈"
"External DVD-Writer","外置光碟機"
"Hard Carrying Case for Digital Camcorder","數碼攝錄機專用儲存盒"
"Barcode Printer","條碼打印機"
"Micro Projector","微型投影機"
"Floor Blower with Hand-held","手拉式吹風機"
"Apparatus Trolley","儀器手推車"
"Electronic Balance","電子秤"
"Gas Cylinder Trolley","運送氣樽手推車"
"Electric Auto-Boiler","電熱水罉"
"Bulletin Case","不銹鋼告示箱"
"Paper Cutter","切紙刀"
"Wimsburst Machine","溫斯赫斯特機"
"Cooker with Oven","煮食爐連焗爐"
"Digital Screw Cutting Machine","數控鑼床"
"Digital Milling Machine","數控車床"
"Circular Saw","風車鋸"
"Grinding Machine","磨刀機"
"Bandsaw Machine","帶鋸床"
"Flight Case","設備防護箱"
"UV Water Sterilizer System","紫外線殺菌濾水器系統"
"Aluminum Frame Outdoor Tent","鋁框戶外活動帳蓬"
"Extra High Voltage Power Supply Unit 5KV","超高電壓供電器"
"Timer Scaler & Frequency Meter","定時定標頻率計"
"Micro Galvanometer","微電流計"
"Extra High Voltage Power Supply Unit","超高電壓供電器"
"Book Rack","雙面書架"
"Water Heater","熱水器"
"Steel Office Desk","寫字鋼檯"
"Upright Piano","直立式鋼琴"
"Saxophone","色士風"
"Balance","槓桿天秤"
"Balance","機械天秤"
"Balance","三幹機械天秤"
"Pressure Cooker","氣壓煲"
"Monocular Microscope","單目顯微鏡"
"Dissecting Microscope","解剖顯微鏡"
"Accessories for Binocular Microscope","雙目顯微鏡配件"
"Binocular Microscope","雙目顯微鏡"
"Colour Video Camera for Microscope","顯微鏡彩色錄影相機"
"Balance","電子磅"
"Digital Camera for Microscope","顯微鏡數碼相機"
"Channel Datalogger","數據記錄儀"
"Carbon Dioxide Gas Sensor","二氧化碳氣體傳感器"
"Oxygen Gas Sensor","氧氣傳感器"
"Colorimeter","顏色對比器"
"Dissolved Oxygen Sensor","溶解氧傳感器"
"Vernier's Datalogger","游標數據記錄儀"
"Conductivity Probe","導電率探示器"
"Monocular Compound Microscope","復合單目顯微鏡"
"Low Voltage Power Supply","低壓電源"
"Video Microscope System","視頻顯微鏡系統"
"Video Camera Recorder","視頻攝影機"
"Portable Digital Camcorder","手提數碼攝影機"
"Camera Flash Light","相機閃光燈"
"Camera Charges Kit","相機充電器"
"Camera Lens","相機鏡頭"
"Camera Filter Lens","相機濾鏡"
"Bluetooth Microphone","藍牙麥克風"
"20"" Surdos","20吋鼓"
"Trumpet with Case","小號連盒"
"Flute","長笛"
"Clarinet","單簧管"
"Alto Saxophone","中音色士風"
"23"" Timpani","23吋定音鼓"
"Baritone Saxophone","上低音色士風"
"Mouthpieces for Baritone Saxophone","色士風吹咀"
"Tenor Saxophone Neck","色士風頸位"
"Mercurial Sphygmomanometer with Stethoscope","水銀血壓計連聽筒"
"External Hard Disk","外置硬盤"
"Monitor Colour Calibration Tool","顯示器色彩校準器"
"Digital Video Recorder","數碼錄影機"
"DVD Player","數碼光碟播放機"
"VCD Player","影音碟播放機"
"White Electric Wall Screen","白色電動牆屏"
"Box Fan 12""","12吋風扇"
"Electric Stapler","電動訂書機"
"Stainless Steel Electric Tea Urn","不銹鋼電水煲"
"Paper Counter","紙張計算器"
"4-in-1 Fan","四合一風扇"
"Electric Binding Machine","電動釘裝機"
"Cash Register","收銀機"
"Sealing Machine","封口機"
"Disburser","付款機"
"Protectograph Cheque Writer","支票壓碼機"
"Franking Machine","郵資蓋印機"
"Electronic White Board","電白版連架"
"Cradle for Bar-coding File Management System","條碼文件管理系統插座"
"Portable Data Terminal for Bar-coding File Management System","手提條碼文件管理機"
"Barcode Scanner","條碼素描機"
"Barcode Scanner for Bar-coding File Management System","條碼素描機"
"Differential Global Positioning System","差分全球定位系統"
"Kyocera FK-8500 Fuser Kit","定影器套件"
"Lexmark 50F0Z00 Imaging Drum","感光鼓"
"HP Q3675A Transfer Kit","轉印套件"
"HP CB459A Roller Kit","滾輪套件"
"HP CB463A Transfer Kit","轉印套件"
"HP CB458A Fuser Kit","定影器套件"
"HP CB384A Image Drum","感光鼓"
"HP CB385A Image Drum","感光鼓"
"HP CB386A Image Drum","感光鼓"
"HP CB387A Image Drum","感光鼓"
"Kyocera MC-8720 Main Charger Unit","主充電器"
"Lexmark 50F3H00","空碳粉匣"
"HP CE505A","空碳粉匣"
"Panasonic UG3313","空碳粉匣"
"HP CE505X","空碳粉匣"
"HP CE410X","空碳粉匣"
"HP CE411A","空碳粉匣"
"HP CE412A","空碳粉匣"
"HP CE413A","空碳粉匣"
"Black and White Photocopier","黑白影印機"
"Surgical Eyelid Weight","手術用人工眼瞼"
"Digital Duplicator","數碼印刷機"
"Mini Hi-Fi System","迷你音響組合"
"Ticket Number Printer","票號打印機"
"Enveloping Machine","封裝機"
"Soldering Iron Kit","烙鐵套件"
"Electric Screwdrive","無線電動螺絲批"
"Remote Mount Kit","遙控安裝支架"
"Antenna","天線"
"Microphone","傳聲器"
"Rack Equipment for Public Address System","擴音系統支架"
"Radio","無線電機"
"Electric Jack Saw","電線鋸"
"Sander","砂光機"
"Electric Windmill Saw","電風車鋸"
"Global Positioning System Quadcopter","全球定位航拍多軸飛行器"
"Aerial Photography Equipment Remote Controller","航拍機遙控器"
"Flying Platform with Guidance for Aerial Photography","航拍機四旋翼飛行平台"
"Mini Network Video Server","迷你網絡視頻服務器"
"Screen Display Module with Current Sensor","屏幕顯示模塊連電流傳感器"
"Unmanned Aerial Vehicle Datalink and Digital Video Transmission System","無人機數據鍊及數字視頻傳輸系統"
"Camera Control Components for Aerial Photography","航拍機控制組件"
"Video Server","視頻服務器"
"Digital Camera with Gimbal","數碼相機連固定器"
"Random Access Memory 64MB","記憶體"
"Internet Video Camera","網絡視像鏡頭"
"Ethernet Card","網絡卡"
"Electronic Typewriter","電動打字機"
"Manual Typewriter","手動打字機"
"Stainless Steel Drop-in Box Size: 35cm","不銹鋼投遞箱"
"Weight Set","砝碼"
"Electronic Barometer","電子氣壓計"
"Humidity Temperature Recorder","溫濕計"
"Ceiling Speaker","天花式擴音器"
"Forcible Entry Tool","爆破工具"
"Bolt Cutter","斷線鉗"
"Mosquito Trap","滅蚊燈"
"Portable Wireless Speaker with Microphone","流動無線擴音器連麥克風"
"Portable Wireless Speaker with Accessories","流動無線擴音器連配件"
"Expired Video Home System Video Tape","過期家用錄影系統錄影帶"
"Expired Audio Cassette Tape","過期錄音帶"
"Expired 8mm Video Cassette Tape","過期8毫米錄影帶"
"Steel Autoclave","鋼高溫消毒爐"
"Steel Water Bath Sterilizer","鋼消毒水浴箱"
"Slide Projector","幻燈機"
"Amplifier with Cassette Player","擴音器連卡式機"
"Automatic Sphygmomanometer","自動電子血壓計"
"Electronic Balance","電子天平"
"Portable pH Meter","手提酸鹼計"
"Recirculating Water Aspirator with scrubber","循環吸水器連洗滌器"
"Eyes Wash Bottle Holder","洗眼樽架"
"Anemometer","風速儀"
"Dessicator","抽濕櫃"
"Autosampler","自動取樣器"
"Dissolved Oxygen Meter","溶氧計"
"Stop Watch","計時器"
"Standard Laboratory Stirrer","標準實驗室攪拌器"
"Explosion Proof Refrigerator","防爆雪櫃"
"Ice Flaker","製冰機"
"Wooden Cupboard with Adjustable Shelves","木櫥櫃連活動層架"
"2-Seater Sofa","2座位梳化"
"3-Seater Sofa","3座位梳化"
"Directorate Office Desk","首長辦公室寫字枱"
"Conference Table","會議枱"
"Photocopier with 1-Tray Console and Inverting Auto Document Feeder","影印機"
"Audio Mixer","音響混音機"
"Double Cassette Tape Recorder","雙卡式錄音帶機"
"Digital Loopback System Receiver","數碼環迴系統接收機"
"Laser Disc Player","雷射影碟機"
"Slide Projector with Accessories","幻燈片機連配件"
"Audio System","音響系統"
"Stereo System","音響系統"
"Converter","變流器"
"Handwriting Board","手寫板"
"Barcode Reader","條碼讀取器"
"Video Splitter","視頻分配器"
"42U Server Rack","伺服器機架"
"USB Bluetooth Connector","藍牙連接器"
"8GB USB Flash Disk","快閃記憶體"
"Webcam","網路攝影機"
"Notebook Lock","電腦鎖"
"Wooden Desk","木書檯"
"Wooden Desk With Drawer","木書檯連抽屜"
"Wooden Working Table","木檯"
"Wooden Filing Cabinet","木櫃"
"Book Case with Wheels","書架"
"Computer Chair","電腦椅"
"Wooden Pedestal","木側櫃"
"Original Toner Cartridge","碳粉盒"
"Cabinet Tempered Glass for Display","玻璃櫃"
"HiFi","音響組合"
"Digital Multi Function Printer","多功能打印機"
"Partition Screen","屏風"
"Doll","公仔"
"Diamond","舊鑽石"
"Gold Ring with Green Gemstone and Diamonds","舊金戒指配綠色硬玉連鑽石"
"Gold Pendant with Blue Corundum and Diamonds","舊金吊墜配藍色剛玉連鑽石"
"DVD Player with Speaker","光碟播放機連揚聲器"
"Decoder","解碼器"
"Portable Vacuum Cleaner","手提吸塵機"
"Electric Rubbish Bin","電垃圾筒"
"Electric Blender","攪拌機"
"Electric Juicer","榨汁機"
"Electric Iron","電熨斗"
"Electric Pot","熱水煲"
"Mahjong Table","麻雀檯"
"Electric Hand Mixer","攪拌器"
"TV Game Console","電視遊戲機"
"Electric Slow Cooker","電燉煲"
"Rear Car Lights","車尾燈"
"Walking Frame","助行架"
"Dining Table with 4 Chairs","餐檯連4張椅"
"Computer","電腦主機"
"Clothes Drying Machine","乾衣機"
"Computer Keyboard","電腦鍵盤"
"Induction Stove","電磁爐"
"Kettle","熱水壺"
"Food Steamer","蒸氣爐"
"Necklace","頸鍊"
"Bracelet","手鍊"
"Accessories","飾物"
"Ceiling Fan Light","吊扇燈"
"Kettle","電熱水壺"
"Single Burner Hotplate","單頭氣體爐灶"
"Table Clock","座檯鐘"
"Gas Cooking Stove","氣體煮食爐"
"2-Door Refrigerator","雙門雪櫃"
"Iron Bed","鐵床"
"Horse Riding Machine","騎馬機"
"Heater","暖風機"
"Electric Wheelchair","電動輪椅"
"Town Gas Water Heater","煤氣熱水爐"
"Split-type Air-conditioner and Condenser","分體式冷氣機及散熱器"
"Notebook Computer","手提電腦"
"PC Monitor","液晶體電腦顯示屏"
"Earphone / Headphone / Bluetooth Handfree","耳筒機 /藍芽耳機"
"Wireless Network Device","無線網絡器"
"Electrical Baby Hair Cutting Machine","電動嬰兒理髮器"
"Electric Stewer","電燉盅"
"Electric Lunch Box","電飯盒"
"Lamp","燈"
"Vacuum Cleaner","吸塵器"
"Glasses / Sunglasses","眼鏡 / 太陽眼鏡"
"Shoes / Slippers","鞋/拖鞋"
"Cap / Hat","帽"
"Cup / Glass / Water Bottle","杯/玻璃杯 / 水樽 / 水壺"
"Golf Clubs","高爾夫球桿"
"Portable Amplifier","便擕式擴音機"
"Tenor Saxophone","次中音薩克管"
"Alto Saxophone","中音薩克管"
"Violin","小提琴"
"Tuba","大號"
"Euphonium","上低音號"
"Bassoon","巴松管"
"Guitar","結他"
"Pianica","口風琴"
"Midi Keyboard 49 Keys","鋼琴鍵盤"
"Portatone 61 Keys","電子琴"
"Alto Recorder","中音木笛"
"Dual Radio Wireless Access Point","路由器"
"Steam Engine Model","蒸氣火車頭模型"
"Sodium Lamp","鈉光燈"
"Travelling Microscope","移動式顯微鏡"
"Stroboscope","閃頻儀"
"Visualizer with Microscope Adapter","實物投影機附顯微鏡接頭"
"64-Voice Expandable Synthesizer Module","64複音可擴展合成音源"
"Woofer","低音揚聲器"
"Input/Output Device","輸入輸出裝置"
"MiniDisc Recorder","迷你光碟錄音機"
"Double Cassette Deck","雙卡式錄音機"
"CD Writer","光碟機"
"Digital Video Card","數碼顯示卡"
"Memory Card","記憶體"
"Adapter","適配器"
"DVD Writer","光碟燒錄機"
"Weather Measuring Station","氣象測量器"
"Cylinder Stand With L Bracket","氣瓶架連L型支架"
"Fluorescent Lantern","螢光燈"
"Tripod With Platform","三腳架連平台"
"Double Cassette Recorder","雙卡式錄音機"
"High Resolution Visual Presentor","高像度實物投影機"
"Wireless Clip Microphone","無線夾式麥克風"
"Media Streaming Device","流媒體裝置"
"Portable DVD Burner","便擕式燒碟機"
"Cassette Bank","直立式紙張夾架"
"Auto Reverse Document Feeder","自動文檔送紙器"
"Digital Photocopier","數碼影印機"
"Double Ended Polisher","雙頭抛光機"
"Double Ended Grinding Machine","雙頭磨機"
"Woodturning Lathe","木工車床"
"Wood Planing and Thicknessing Machine","木工刨機"
"Vertical Bandsaw","垂直運帶鋸"
"Sharpedge Machine","金屬磨機"
"Drilling Machine","鑽床"
"Lathe Machine","車床"
"Laser Engraving & Cutting Machine with Accessories","雷射切割機連配件"
"Transceiver","收發器"
"Mobile Phone with Battery and Charger","手提電話連電池和充電器"
"Time Recorder","打咭鐘"
"Dissolved Oxygen Meter","溶解氧測定儀"
"Environmental Meter","環境比較器"
"Colorimeter","比色計"
"Carrying Handle for Environmental Meter","環境比較器手柄"
"Thermistor Probe","熱敏電阻探頭"
"Light Probe","光照探計"
"Microscope with Video Output","顯微鏡連視訊輸出"
"Video Camera","視頻相機"
"Triple Beam Balance","三樑秤"
"Low Voltage Power Supply","低壓電源供應器"
"Multimeter","萬用計"
"Polarimeter","旋光器"
"Spectroscope","分光鏡"
"Datalogger","數據記錄儀"
"Ultrasonic Bath Cleaner","超聲波清洗糟"
"Ammeter","安培電流表"
"Advanced Motion Measurement Kit","高階運動測量套件"
"Digital Counting Balance","數碼計數秤"
"Frequency Counter","頻率計數器"
"Demonstration Meter without Scale","不帶刻度展示儀"
"750 Interface for Datalogger","750數據記錄儀介面"
"Electroscope","驗電器"
"Extra High Voltage Power Supply","超高壓電源供應器"
"Flywheel","飛輪"
"Sweep Generator","掃描產生器"
"Signal Generator and Amplifier","信號發生器及功率放大器"
"Potentiometer","電位計"
"Power Supply","雙軌電源供應器"
"Resistance Box","電阻盒"
"Portable Video Camera","便攜式視頻相機"
"Optical Bench","光學試驗台"
"Badminton Stand","羽毛球柱"
"Dumbell Rack","啞鈴架"
"Black and White Photo Enlarger with 2 Lenses","黑白相片放大機連兩支鏡頭"
"Black and White Photo Enlarger","黑白相片放大機"
"1 to 1 Contact Photo Printer","1比1接觸式印相機"
"Film Dryer","菲林烘乾機"
"Film Drying Cabinet","菲林烘乾箱"
"Stirrer","攪拌器"
"Dust-free Exhaust Fan","無塵抽風機"
"Laboratory Glass Test Tube","實驗室玻璃試管"
"Black and White Photo Print Processor","黑白照片打印器"
"HP LaserJet 76A","空碳粉匣"
"HP LaserJet CF276X","空碳粉匣"
"HP LaserJet CF280X","空碳粉匣"
"Lexmark 503HE","空碳粉匣"
"FUJI Xerox CT201664","空碳粉匣"
"FUJI Xerox CT201665","空碳粉匣"
"FUJI Xerox CT201666","空碳粉匣"
"FUJI Xerox CT201667","空碳粉匣"
"FUJI Xerox CT350483","空碳粉匣"
"FUJI Xerox CT350484","空碳粉匣"
"FUJI Xerox CT350485","空碳粉匣"
"FUJI Xerox CT350486","空碳粉匣"
"FUJI Xerox CT201938","空碳粉匣"
"FUJI Xerox CWAA0762","空碳粉匣"
"Digital Audio Video Player","數碼影音播放器"
"Aluminum Alloy Tent","鋁合金架帳篷"
"LED Full Color Display Panel with Metal Waterproof Case * Non-REE Item","液晶體顯示屏連金屬防水裝置"
"Stage Lifting Rail System","舞台升降橫杆系統"
"Booklet Maker","小冊子釘摺機"
"Etching Presses","版畫機"
"Wireless Transmitter with Neck Microphone","無線發射器連頸掛式麥克風"
"Receiver","接收器"
"Digital Light Processing","數碼光學投影機"
"Bell Timer","報時裝置"
"Mini HiFi System","迷你音響組合"
"Alarm Collector Box","警報收集器"
"Battery Distribution Unit","電源分配單位"
"Private Automatic Branch Exchange","用戶自動交換機"
"Overhead Projector","投影器"
"Slide Projector","幻燈片投影器"
"Zoom Lens","變焦鏡頭"
"Lens Hood","鏡頭遮光罩"
"Flash for Camera","相機閃光燈"
"Global Positioning System Navigator","衛星定位器"
"Soldering Station","焊台"
"Hand Dryer","乾手機"
"Spotlight","聚光燈"
"Wet and Dry Vacuum Cleaner","乾濕兩用吸塵器"
"Kyocera TK-8510K","空碳粉匣"
"Kyocera TK-8510Y","空碳粉匣"
"Kyocera TK-8510M","空碳粉匣"
"Kyocera TK-8510C","空碳粉匣"
"Kyocera TK-8807K","空碳粉匣"
"Kyocera TK-8807Y","空碳粉匣"
"Kyocera TK-8807M","空碳粉匣"
"Kyocera TK-8807C","空碳粉匣"
"HP CE505AC","空碳粉匣"
"Samsung MLT-D205E","空碳粉匣"
"HP Q2612A","空碳粉匣"
"HP Q7553X","空碳粉匣"
"Bass Trombone","長號"
"Baritone","上低音號"
"Euphonium","粗管上低音號"
"Bass Tuba","低音大號"
"Bass Drum Stand","大鼓架"
"Crash Cymbal Stand","對鈸架"
"Cymbal Stand","吊鈸架"
"Drum Pad Stand","鼓皮架"
"Celesta Stand","鋼片琴架"
"Gong Mallet","大鑼鎚"
"Cymbal Boom Stand","吊鈸架"
"Timpani Stand","定音鼓架"
"Timpani Mallet","定音鼓棍"
"1/4"" Triangle Striker","三角鐵棍"
"3/16"" Triangle Striker","三角鐵棍"
"Concert Bass Drum 16"" x 36""","大鼓"
"Bongo Drum","邦戈鼓"
"Castanets","響板"
"Tambourine 10""","搖鼓"
"Temple Block Stand","木魚架"
"Timpani 26""","26吋定音鼓"
"Triangle 10""","10吋三角鐵"
"Triangle 4""","4吋三角鐵"
"Triangle 6""","6吋三角鐵"
"Triangle 8""","8吋三角鐵"
"Tri-tom Drum with Carrying Holder","步操用筒鼓"
"Wood Block","木魚"
"Xylophone","木琴"
"Wind Chime Stand","風鈐架"
"Concert Bass Drum Mallet","大鼓棍"
"Concert Bass Drum Stand","大鼓架"
"Glockenspiel Stand","鐵片琴架"
"Xylophone Case","木片琴盒"
"Synthesizer","電子琴"
"Synthesizer Stand","電子琴架"
"Tenor Saxphone case","次中音薩克管盒"
"French Horn","圓號"
"Baritone Saxophone Case","上低音薩克管盒"
"Huapengu","花盆鼓"
"Sheng","笙"
"Yangqin Case","揚琴盒"
"Daluo","大鑼"
"Gu Cheng","古箏"
"Gu Cheng Stand","古箏架"
"Huapengu Stand","花盆鼓架"
"Dagu Stand","中國大鼓架"
"Yunluo Stand","雲鑼架"
"Bianzhong Stand","編鐘架"
"Paigu","排鼓"
"Drum with Stand","五音鼓連架"
"Paigu Stand","排鼓架"
"Gu Cheng Case","古箏盒"
"Double Bass Bow","低音大提琴弓"
"Cello Bow","大拉琴弓"
"Gaohu Case","高胡琴盒"
"Mobile Phone","手機"
"Gold Tie-Pin with Jade and Diamonds","舊金領帶夾連翡翠鑽石"
"Gold Finger-Ring with Jade and Diamonds","舊金戒指連翡翠鑽石"
"Bar Fridge","雪櫃"
"Furniture","家具"
"Belt","尼龍腰帶"
"Flashlight","電筒"
"Handheld Metal Detector","手提式金屬探測器"
"Audio Equipment","音響設備"
"Barbecue Supplies","燒烤用具"
"Pan","鍋"
"Decorations","裝飾品"
"Hitching Post Stone","拴馬柱"
"Tea Table","茶檯"
"Dumbbell","啞鈴"
"Digital Multifunctions Therapy Apparatus","數碼多功能治療儀"
"Power Transformer","電源變壓器"
"Wooden Chair","木椅子"
"Digital Video Disc Writer","數碼影像光碟燒碟機"
"Used 40' Container No.: CRLU1171647","舊四十呎貨櫃"
"Used 40' Container No.: GESU9076803","舊四十呎貨櫃"
"Used 40' Container No.: HDMU5503020","舊四十呎貨櫃"
"Double-door Refrigerator","雙門雪櫃"
"Electric Water Pot","電熱水煲"
"Electric Fan","風扇"
"Hair Straightener","直髮夾"
"Burner","爐頭"
"Cooker","煮食爐"
"Electric Pot","電水壺"
"Electric Hospital Bed","電動病床"
"Cabinet","地櫃"
"Jade embedded with golden colour metal Pendant","金色玉石吊墜"
"Jade embedded with golden colour metal Bracelet","金色玉石手鏈"
"Jade embedded with golden colour metal Earrings","金色玉石耳環"
"Golden colour metal Coin","金色錢幣"
"Electric Cookware","煮食爐"
"Brother TN-348BK","空碳粉匣"
"Brother TN-348C","空碳粉匣"
"Brother TN-348M","空碳粉匣"
"Brother TN-348Y","空碳粉匣"
"Fuji Xerox CT202610","空碳粉匣"
"Fuji Xerox CT202607","空碳粉匣"
"Fuji Xerox CT202608","空碳粉匣"
"Fuji Xerox CT202609","空碳粉匣"
"Fuji Xerox CT202611","空碳粉匣"
"Fuji Xerox CT202612","空碳粉匣"
"Fuji Xerox CT202613","空碳粉匣"
"HP C3102A","空碳粉匣"
"HP C3103A","空碳粉匣"
"HP C3104A","空碳粉匣"
"HP C3105A","空碳粉匣"
"HP C4092A","空碳粉匣"
"HP C9730AC","空碳粉匣"
"HP C9731AC","空碳粉匣"
"HP CC531AC","空碳粉匣"
"HP CC532AC","空碳粉匣"
"HP CC533AC","空碳粉匣"
"HP Q5949X","空碳粉匣"
"HP W2040A","空碳粉匣"
"HP W2040XC","空碳粉匣"
"HP W2041A","空碳粉匣"
"HP W2041XC","空碳粉匣"
"HP W2042A","空碳粉匣"
"HP W2042XC","空碳粉匣"
"HP W2043A","空碳粉匣"
"HP W2043XC","空碳粉匣"
"Konica Minolta TN328K","空碳粉匣"
"Kyocera TK-174","空碳粉匣"
"Kyocera TK-5144C","空碳粉匣"
"Kyocera TK-5144K","空碳粉匣"
"Kyocera TK-5144M","空碳粉匣"
"Kyocera TK-5144Y","空碳粉匣"
"Kyocera TK-6329","空碳粉匣"
"Kyocera TK-7109","空碳粉匣"
"Ricoh C820DNS 821051","空碳粉匣"
"Typing Chair","打字椅"
"Display Stand","展示牌"
"Assembled Rack","組合架"
"Cabinet","文件櫃"
"Video Home System Recorder","錄影機"
"First Floor Ladder","6.5米鋁合金二樓梯"
"Double Extension Ladder","5米鋁合金雙扯梯"
"4 Section Ladder","3.7米鋁合金四節梯"
"First Floor Ladder","5米鋁合金二樓梯"
"Fleet No. F413","泵車"
"Fleet No. F215","細搶救車"
"Fleet No. F192","油壓升降台"
"Fleet No. F407","泵車"
"Fleet No. F61","司落高消防車"
"Mobile Air-Conditioner","流動冷氣機"
"Microfilm Reader","縮微膠卷閱讀機"
"Hard Disk","外置式儲存媒體"
"Drive","外置光碟機"
"Drive","USB閃存盤"
"Regulator","單拍調壓器"
"Regulator","雙拍調壓器"
"Optical Sensor","光學傳感器"
"MiniDisc Recorder / Player","微型光碟錄音機/播放器"
"High Speed Printer Duplicator","高速複印機"
"Pallet Truck","唧車"
"Mobile Air Conditioner","移動冷氣機"
"Punching & Binding Machine","打孔及裝訂機"
"Projector","放映機"
"Partition Panel Screen","間隔板"
"Rice Boiler","電飯煲"
"Sign Panel for Retractable Barrier 12""x 10""","不銹鋼欄杆標誌板"
"Stand Barricade with Retractable Tape","不銹鋼欄杆連伸縮帶"
"Oil Heater","暖爐"
"Wooden Bookshelf with Glass Door","木書架連玻璃門"
"Round Meeting Table","圓形會議枱"
"Directorate Office Desk","首長級辦公室書枱"
"Oval Meeting Table","橢圓形會議枱"
"2-Seater Sofa","兩座位梳化"
"Trimming Machine","修邊機"
"Collating Machine","文件整理機"
"Electronic Calculator","電動計算機"
"Turf Tractor","草坪拖拉機連捲筒割草器及拖拉墊"
"Phonic Mixer","混音器"
"Portable Keyboard","數碼鍵琴"
"Electric Guitar","電結他"
"Drum Set","套鼓"
"Front Opening Electric Ceramic Kiln","前揭式電陶瓷機"
"Apex Locator","根尖定位儀"
"Carbon Monoxide Monitor","一氧化碳監測儀"
"Video & Audio Student Booth System","視頻和音頻學生展位系統"
"Infrared Receiver","紅外線接收器"
"Polarizing Filter Kit","偏光鏡過濾套件"
"Recordable MiniDisc Walkman","微型光碟錄音播放機"
"Chain Saw","鏈鋸"
"Glockenspiel Mallet","鋼片琴棍"
"Mid Drum","中鼓"
"Cymbal Stand","鈸架"
"Sleigh Bell","馬鈴"
"Guiro","刮瓜"
"Snare Drum Stand","小鼓架"
"Xylophone Mallet","木琴棍"
"Cabinet","機櫃"
"Practice Chanter","練習笛"
"Cymbal","鈸"
"Cymbal Bag","鈸袋"
"Drum Pedal","鼓踏"
"Drum Stand","鼓架"
"Jazz Drum","爵士鼓"
"Dry Vacuum Cleaner","乾式吸塵機"
"Glockenspiel","鋼片琴"
"Wood Maracas","砂槌"
"Long Practice Chanter","練習笛"
"Digital Piano","電子琴"
"Instrumental Cases","樂器箱"
"Guitar Case","結他盒"
"Digital Recording Studio","數碼錄音器"
"Bass Cabinet","低音音箱"
"Walkie Talkie","對講機"
"Digital Video Recorder","數碼錄像機"
"Tuner","調音器"
"Network Media Player","網絡媒體播放器"
"Karaoke System","卡拉OK系統"
"Thermohygrometer","溫濕計"
"Thermocouple","溫度傳感器"
"Dustless Fume Hood","無管道式抽風櫃"
"Tube Mixer","試管混合器"
"Gas Chromatograph","氣相層析儀"
"Mass Spectrometer","質譜儀"
"Mass Spectrometer Detector Electronics","電子質量選擇檢測器"
"Mass Spectrometer Detector LAN Card","質譜儀檢測器網絡卡"
"Electronic Multiplier Ceramic Channel","電子倍增器陶瓷通道"
"Headspace Sampler","頂空進樣器"
"Solvent Pump","溶劑泵"
"Networking Switch","網絡交換器"
"Air Compressor","空氣壓缩機"
"Nitrogen Generator","制氮機"
"Nitrogen Regulator","氮氣調壓器"
"Electronic Crimper","電動捲蓋器"
"Electronic Decapper","電動除蓋器"
"Gas Regulator","氣體穩壓器"
"Control Module","控制器"
"Roller Mixer","滾動混合器"
"Microcentrifuge","微量高速離心機"
"Injector","注射器"
"Multi Analyzer","多樣分析儀"
"Circular Water Bath","循環水浴"
"Centrifuge Submersible Circulating Pump","小型潛水泵"
"Heating Mantle 1000 ml","1000毫升加熱器"
"Heating Mantle 250 ml","250毫升加熱器"
"Flameless Heat Gun","無焰加熱槍"
"Ultrasonic Cleaner","超聲波清洗機"
"Impression Material Mixer","印模材料混合機"
"Electric Pulp Vitality Tester","牙髓活力測試儀"
"Binder","活頁文件夾"
"L-Shape Office Desk","L型木辦工桌"
"Furnace Accessories Kit","高溫爐配件"
"Automatic Centrifuge Extractor","自動離心萃取機"
"Caliper","卡尺"
"Digital Caliper","電子卡尺"
"Stainless Steel Ventilation Cabinet","不銹鋼抽氣櫃"
"Thermometer Data Logger","溫度數據收集器"
"Interface Box with Indicator","接口盒連指示器"
"Stainless Steel Door","不銹鋼門"
"Stainless Steel Concrete Cube Dimension Jig for 150mm Size Cube","不銹鋼混凝土立方體尺寸量度夾具"
"Infrared Oven","紅外線焗爐"
"Digital Thermometer with External Sensor Probe","電子溫度計連外部傳感器探頭"
"Electronic Screen","電子屏幕"
"L-Shape Wooden Table","白色L型木桌"
"Table with Partition","枱連屏風"
"Global Positioning System","全球定位系統"
"Display Unit","顯示單元"
"Electronic Navigator Chart","電子航海圖"
"Toner Cartridge","碳粉匣"
"Drum Cartridge for C5005D","感光鼓組件"
"‘LECIA’ Combination Case","相機套件袋"
"Camera","相機機身連配件"
"Lens 35mm F2.8 for 'Nikon' F2-A","鏡頭 35mm F2.8"
"Lens Zoom 70-210 F3.5 'Angenieux' for 'Nikon'","鏡頭 70-210 F3.5"
"Schneider PC-super Angulon 28mm Lens for 'Nikon' System","廣角鏡 28mm"
"Hood for PC-super Angulon","廣角鏡頭蓋"
"One lot 13 items of Photographic equipment & accessories","13件攝影器材及配件"
"Illuminance Meter","照度計"
"Luminance Meter","亮度計"
"Dock","連接基座"
"CCTV","監察系統"
"Water Dispenser","水機"
"Telephone System with Telephone","電話系統連電話"
"Digital Main Unit","電話主機"
"3-Seat Sofa","三座位沙發"
"Telephone Mobile","手提電話"
"Cistern for Walltype Urinal 9 Litre","尿兜水箱9公升"
"Switch Fuse 100 AMP SP & N","電箱"
"Switch 32 AMP DP","電箱"
"Forklift","鏟車"
"Bracelet in Black Colour with Golden Colour Accessory","舊黑色手鐲連金色裝飾"
"Wrist Chain in Golden Colour","舊金色手鏈"
"Earrings in Blue Colour","舊藍色耳環"
"Earrings in Golden Colour with Flower","Shape"
"Earrings in Golden Colour with Two Flowers Shape","舊兩朵花形金色耳環"
"X-ray Films with Envelopes","X光片連封套"
"Laser X-ray Films with Envelopes","雷射X光片連封套"
"Mobile Phone with Battery","手提電話連電池"
"Mobile Phone with Battery and Charging Cable","手提電話連電池及充電線"
"Fuji Xerox 3428","空碳粉匣"
"Fuji Xerox 3435","空碳粉匣"
"Fuji Xerox CM315Z-C","空碳粉匣"
"Fuji Xerox CM315Z-K","空碳粉匣"
"Fuji Xerox M355 df","空碳粉匣"
"Fuji Xerox M375 df","空碳粉匣"
"HP CF280A","空碳粉匣"
"Kyocera 1167","空碳粉匣"
"Kyocera TK 174","空碳粉匣"
"Kyocera TK 3104","空碳粉匣"
"Kyocera TK 5144C","空碳粉匣"
"Kyocera TK 5144K","空碳粉匣"
"Kyocera TK 5144M","空碳粉匣"
"Kyocera TK 5144Y","空碳粉匣"
"Kyocera TK 5277C","空碳粉匣"
"Kyocera TK 5277K","空碳粉匣"
"Kyocera TK 5277M","空碳粉匣"
"Kyocera TK 5277Y","空碳粉匣"
"Kyocera TK 5287Y","空碳粉匣"
"Kyocera TK 7019","空碳粉匣"
"Kyocera TK5264K","空碳粉匣"
"Kyocera TK5264M","空碳粉匣"
"Kyocera TK5264Y","空碳粉匣"
"Kyocera TK5287C","空碳粉匣"
"Kyocera TK5287K","空碳粉匣"
"Kyocera TK5287M","空碳粉匣"
"Panasonic UG 3390","空碳粉匣"
"Panasonic UG 3391","空碳粉匣"
"2-seater Sofa","二座位梳化"
"Office Partition - 1100mm","間隔板"
"High Back Chair","高背椅"
"Conference Table - 1500mm","會議檯"
"Magnetic Whiteboard - 240cm","磁性白板"
"Conference Table - 3000mm","會議檯"
"Steel Storage Rack - 920mm","儲存櫃"
"Hi-fi System","音響系統"
"Mosquito Killer Lamp","滅蚊燈"
"Sticky Trap Lamp","粘捕式滅蟲燈"
"Light Box","燈箱"
"Portable Mini Disc Recorder","便攜式微型光碟錄音機"
"Portable Solid State Recorder","便攜式固態錄音機"
"16 Channel Audio Mixer","16聲道混音器"
"Hard Disk Optical Disc Recorder","硬碟光碟錄影機"
"Video Routing Switcher","視頻切換器"
"Mini Disc Recorder / Player","微型光碟錄音機/播放器"
"Camera with Accessories","相機連配件"
"Dryer","乾衣機"
"Commercial Carpet Cleaning Machine","地毯清潔機"
"Video Projector with Projector Protective Frame","視頻投影機連投影機護架"
"Video Digital Processing Unit","視頻數據電腦板"
"Crosshairs Generator","瞄準主機板"
"Infrared-illumination Mini Firing Range Sensor","迷你射程紅外線感應器"
"Mini Firing Range Sensor Display","迷你靶場感應器顯示屏"
"Observation Lens","觀察鏡頭"
"Shot Detection Camera","射擊感應器鏡頭"
"Picture-in-picture Display Unit","畫中畫顯示器"
"Training Observation Recorder","觀察訓練錄影器"
"Wet & Dry Vacuum Cleaner","乾濕兩用吸水機"
"Wet & Dry Vacuum Motor Pump","乾濕兩用真空吸水泵"
"Spectrophotometer","紫外光/可見光光譜儀"
"Colony Counter","菌落計數器"
"Hot Plate","電熱板"
"Waterloss Probe","水份流失探頭"
"3D Food Printer","3D食物打印機"
"Office Chair with Castors","辦公室椅"
"Foldable Table with Castors","摺檯"
"Autoclave","消毒柜"
"Video Handycam Recorder","手提攝錄機"
"Hand Pallet Truck","手動唧車"
"Personal Digital Assistant","掌上型電腦"
"Light Curing Unit","光固化機"
"Ultrasonic Cleaner Unit","超聲波清洗機"
"Dental Handpiece","口腔牙鑚"
"Dental Handpiece Spare Part","口腔牙鑚配件"
"Recordable Mini Disc Walkman","錄音迷你碟隨身聽"
"Digital Camcorder","手提攝錄機"
"Bellows Focusing Attachment","風琴式轉接器"
"Repro-Copy Outfit","翻拍架"
"Network Switch","網絡切換器"
"Fibreglass Ladder","三級玻璃纖維梯"
"Fibreglass Ladder","五級玻璃纖維梯"
"Castor Kit","腳轆套件"
"Multifunction Tester","多功能測試儀"
"Cordless Drill Driver","無線電鑽驅動器"
"Digital Camera Recorder","數碼攝錄機"
"Front Loading 550rpm Washing Machine","前置式550轉洗衣機"
"High Pressure Pump","高壓泵"
"Hazardous Dust Vacuum Cleaner","有害粉塵吸塵器"
"Jet Cleaner","噴氣清潔器"
"Welding Machine","焊接機"
"Electrical Welder","電焊機"
"Submersible Water Pump 5.5KW","潛水泵"
"Wet/Dry Vacuum Cleaner","乾濕兩用吸塵器"
"Portable Vacuum Pump","便攜式真空泵"
"Film Camera with Remote Control","菲林相機連遙控"
"Copying Machine","複印機"
"Ohm & Voltmeter","歐姆電壓表"
"Temperature and Humidity Dew Point Recorder","溫濕度露點記錄儀"
"Cleaning Machine","清洗機"
"Radio Transceiver","對講機"
"Camera Grip","相機手柄"
"Camera Filter","相機濾鏡"
"Camera Flash","相機閃光燈"
"Prosthetic Hand","訓練用假手臂"
"Steel Box","鋼箱"
"Water Dispenser","冷熱飲水機"
"Electric Hot & Cold Water Dispenser","電冷熱飲水機"
"Semiautomatic Defibrillator","半自動除顫器"
"Gas Cooker","石油氣爐"
"Electric Infrared Heater","電暖燈"
"Banknote Counter","點鈔機"
"Air Blower","吹風機"
"Rowing Machine","划艇機"
"Defibrillator","心臟除顫器"
"3-Speed Floor Dryer","三段速吹風機"
"Mosquito Trap","滅蚊機"
"Shoe Polishing Machine","擦鞋機"
"Used 20' Container","舊二十呎貨櫃"
"Printed Circuit Board","印刷電路板"
"Video Printed Circuit Board","視頻印刷電路板"
"Component Video Cable","色差訊號線"
"Slide Viewer","幻燈片閱讀器"
"LCD Monitor and Keyboard Drawer","液晶顯示器連抽屜式控制台"
"Adjustable Monitor Arm","顯示器旋臂"
"Hydraulic Drill","液壓鑽"
"Computer Monitor Test Pattern Generator","電腦顯示器測試儀"
"Sunglasses","太陽眼鏡"
"External Harddisk","外置硬盤"
"Mobile Oxygen Supply Trolley","流動供氧氣手推車"
"Mobile Tripod Lifting system","流動起重三腳架"
"Oxygen Regulator","氧氣調節器"
"Acetylene Regulator","乙炔氣調節器"
"Oxyacetylene Welding And Cutting Outfit","氧乙炔焊割器"
"Oxyacetylene Welding Equipment","氧乙炔焊接器"
"3""- 4"" Plane Jaw Vice","3""- 4""平口虎鉗"
"Hand Trolley for Twin Gas Cylinder","雙氣瓶手推車"
"Iron Slice Utility Pack","生鐵切割器"
"Aluminium Scaffolds","鋁架工作平臺"
"Adjustable Gantry Crane","可調較起重工字架"
"Nitrogen Regulator","氮氣調節器"
"1"" Bow Shackle","1""弓型塞古"
"3/4"" Bow Shackle","3/4""弓型塞古"
"1/2"" Bow Shackle","1/2""弓型塞古"
"4-metre Steel Wire","4米吊重鋼索"
"2-metre Steel Wire","2米吊重鋼索"
"1 Tonne Chain Block","1 噸手鏈提升機"
"Gantry","龍門架"
"Self Retractable Fall Arrestor","伸縮式防墮器"
"Metal Filing Cabinet","金屬文件櫃"
"Grey Sliding Door Bookcase","灰色趟門書櫃"
"High-speed Cutting Machine","高速切割機"
"Impact Drill","電鑽"
"Grinding Machine","電磨機"
"Blower","吹風機"
"Stone Cutter","切石機"
"Robin Engine","羅賓發動機"
"G Clamp","G字鉗"
"Cordless Rotary Hammer","無線充電式電鎚"
"Cordless Angle Grinder","無線角向磨光機"
"Loppers","修枝剪"
"Curved Saw","彎鋸"
"Scale","磅砰"
"Pump Fire Knapsack","打火背泵"
"Heavy Duty Plunge Router","重型雕刻機"
"Sander","磨光機"
"Hedge Cutter","籬笆剪"
"Plastic Water Dispenser","膠飲水機"
"Domestic Type Vacuum Cleaner","家庭用吸塵機"
"Electric Radiator","電暖爐"
"Fan","掛牆扇"
"Floor Standing Air Conditioner","移動座地式冷氣機"
"Wet and Dry Vacuum Cleaner","乾濕式吸塵機"
"Glass Fish Tank","玻璃魚缸"
"Ultraviolet Steriliser Lamp","紫外光殺菌燈"
"Ozone Generating Machine","臭氧生成機"
"Chiller/Heater","水冷及水暖機"
"Protein Skimmer Pump","蛋白分離器泵頭"
"Protein Fractionator","蛋白分離器"
"Swirl Pump","旋流泵"
"Ozone Generator Control Board","臭氧生成機控制板"
"Multiport Valve","多端閥"
"Saltwater Pump","海水泵"
"Ozone Generator High Voltage Power Supply Transformer","臭氧生成機高壓電源變換器"
"Surveillance Monitoring System","監控系統"
"Sand Tank","沙缸"
"Upright Microscope","正置顯微鏡"
"Stanless Steel Circular Sieve","不鏽鋼圓篩"
"Data Logging Device","資料紀錄儀"
"System Pump","系統泵"
"2000L Plastic Bucket","2000升膠桶"
"Digital Lens for Microscope","顯微鏡用鏡頭"
"Trinocular Microscope Eyepiece Connector","三目顯微鏡目鏡接駁儀"
"Monocrystalline Solar Panel","單晶太陽能板"
"Movable Wind Blower","手拉式吹風機"
"Water Quality Measuring Probe and Sensor","水質測量機頭"
"Chiller","水冷機"
"Timer Control","時間調節掣"
"Water Quality Measuring Meter","水質測量機"
"Waterproof Cap","防水塞"
"Small System Pump","小型系統泵"
"Air Pump","氣泵"
"Insecticide Spray Tank","殺蟲劑噴灑罐"
"Plant Growth Chamber","植物培養機"
"Timecard Recorder","考勤卡記錄器"
"Umbrella Stand","雨傘架"
"Voice Recorder","錄音筆"
"Box Fan","箱式風扇"
"Cassette Recorder","盒式錄音機"
"Iron Single Bed","單人單層鐵床"
"Iron Single Bunk Bed","單人雙層鐵床"
"1000L Plastic Water Container with Metal Frame","1000升膠水箱連金屬架"
"1000L Plastic Water Container","1000升膠水箱"
"Leaflet Tray 0.75mx0.3m","傳單架"
"Multimedia Projector","多媒體投影機"
"Newspaper Stand","報紙架"
"Wooden Drawer","木製抽屜"
"Monitor","電腦顯示器"
"Gas Dryer","氣體乾衣機"
"Bread Maker","麵包機"
"Audio Equipment with Speakers","音響器材連揚聲器"
"Dual Cassette Recorder","雙卡式錄音機"
"Chinese Medicine Pot","中藥煲"
"Cassette Radio","卡式收音機"
"Coffee Maker","咖啡機"
"Cooking Pan","平底鑊"
"Electric Weight","電子磅"
"2.2L Round Casserole Bakeware","2.2升圓型玻璃焗盤"
"Oil-filled Radiator","充油式暖爐"
"Hi-Fi","音響"
"Discman","光碟隨身聽"
"Electronic Dictionary","電子辭典機"
"Hair Dryer","電風筒"
"Multi-function Game Machine","多功能遊戲機"
"Hair Styler","電髮夾"
"Television","陰極射線管電視機"
"Electric Kettle","電熱水瓶"
"Blood Pressure Monitor","血壓計"
"VCD Player","光碟播放機"
"Sound Equipment","音響器材"
"Milling Machine","鑼機"
"Tea Set","茶具套裝"
"Monitor","液晶體顯示屏"
"Floor Fan","座地風扇"
"Optical Disc Player","光碟播放機"
"TV Decoder","電視解碼器"
"Mixer","攪拌機"
"Stove","煮食爐"
"Water Heater","電熱水爐"
"Double Head Cooking Stove","雙頭煮食爐"
"Handheld Massage Machine","手提按摩機"
"Audio Speaker","音響揚聲器"
"Welding Machine","熱溶機"
"Mini Fan","小型風扇"
"Electric Storage Water Heater","儲水式電熱水爐"
"Folding Bed","摺床"
"Small Vacuum Cleaner","小型手動吸塵機"
"Small Electric Fan","小型電風扇"
"Electric Heater","電暖爐"
"Foot Massage Machine","腳部按摩機"
"TV Game Player","電視遊戲機"
"Japan-type Washing Machine","日式洗衣機"
"Burner Hotplate","氣體爐灶"
"Electric Screen","電動屏幕"
"Portable Vehicle Polish Machine","便攜式汽車拋光機"
"Tone Detector","音調檢測器"
"Thermometer","溫度計"
"Hydraulic Press Pump","液壓機泵"
"Air-cooled Condensing Unit Motor","風冷冷凝機組摩打"
"Wet/Dry Vacuum Cleaner Suction Hose","乾濕吸塵機吸管"
"Cold Water High Pressure Cleaner Pump","冷水高壓清洗機泵"
"Portable Transceiver","手提對講機"
"Leak-proof Plastic Basin","防漏膠盆"
"Infrared Thermometer","紅外線溫度計"
"Infrared Visual Thermometer","可視紅外線溫度計"
"4 in 1 Multi-Function Tester","4合1多功能測試儀"
"Bearing","軸承"
"Push Puller","推拉器"
"Heavy Duty Electric Drill Two-Speed 13mm","重型電鑽"
"Gear Trolley Chain","齒輪滑車鏈"
"Electric Tape Connection Machine Metal Plate","電膠帶接駁機鋼片"
"Retaining Ring Plier Milbar","固定環鉗"
"Tapper Sleeve 2 x 3","錐度鉆套"
"Tapper Sleeve 1 x 2","錐度鉆套"
"Die Stock for 4mm Split Die","凹模固定板"
"Portable Tristand Yoke Vice","虎頭鉗"
"Cordless Drill Driver","無線電鑽"
"High Water Pressure Cleaner Motor","高水壓清洗機摩打"
"Speaker","音箱"
"Air Flow Monitor Panel","空氣流動監察器面板"
"Electric Hot/Cold Water Dispenser","電動冷熱水飲水機"
"Binoculars 8 x 40mm","雙筒望遠鏡"
"Interactive Whiteboard","互動電子白板"
"Electric Radiator 1KW","電暖爐"
"Video Switcher","視頻轉換器"
"Off-the-road Bicycle","越野單車"
"Cleaning Steamer","清潔蒸氣機"
"Wireless Amplifier","無線擴音器"
"Digital Weight Scale","電子磅"
"Mixing Amplifier","混音機"
"Air Dryer","吹風機"
"Juice Warmer","暖汁器"
"Defibrillator","心臟去顫器"
"Cutter","電動多功能鉗"
"Power Cutter","電動切割器"
"Windshield Cutter with Accessories","擋風玻璃拆卸工具連套件"
"Diving Watch","潛水錶"
"Power Cutter 14""","電動切割器"
"Power Cutter 12""","電動切割器"
"High Pressure Cold Water Cleaner","高壓冷水清潔器"
"Rescue Cutter","救援切割器"
"Metal Cutting Head","金屬切割頭"
"Pump Unit Hydraulic Rescue Tool","泵組液壓救援工具"
"Spreader Head Hydraulic Rescue Tool","吊具頭液壓救援工具"
"Cordless Cutoff Tool","無線切割工具"
"Digital Camera with Lens","數碼相機連鏡頭"
"Wide-angle Conversion Lens 0.7x","廣角轉換鏡頭"
"Air Blower","吹地機"
"Fresh Water Storage Pump","淡水儲水泵"
"Miniature High Speed Handpiece","微型高速口腔牙鑽"
"Autoclave","高壓滅菌器"
"Fire Hose","消防喉"
"Fire Hose Coupling","消防喉頭"
"Fleet No.: F25","油壓升降台"
"Aerial Work Platform","升降工作平台"
"Evaporative Air Cooler","重型冷風機"
"Hydrogen Generator","氫氣產生器"
"Zero Air Generator","零級空氣產生器"
"Standard Heatblock","加熱組合"
"Ultrasonic Bath","超音波清洗機"
"Movable Air Conditioner","移動式冷氣機"
"Basic Orbital Shaker","迴旋振盪器"
"Electric Kettle","電水壺"
"Digital TV Box","數碼機頂盒"
"Barbecue Gas stove","燒烤爐"
"Microwave Oven","焗爐"
"Electric Oven","電焗爐"
"Portable Spectrometry System","便攜式光譜儀系統"
"Lead Shield for Sodium Iodide Detector","碘化鈉探測器鉛筒"
"Sodium Iodide Detector","碘化鈉探測器"
"Plastic Water Meter","塑膠水錶"
"Digital Video Cassette Recorder","數位卡式錄影帶錄影機"
"Rack Mount Kit","機櫃路軌"
"Video Capture Card","影像擷取卡"
"Memory Module","記憶體模組"
"19"" Server Rack","19吋伺服器櫃"
"High Definition Video Recorder","高解析度錄影機"
"Optical Disc Recorder","光碟錄影機"
"Digital Audio Tape Player","數碼音頻磁帶播放器"
"Digital Video Recorder","數位錄影機"
"Loudspeaker","喇叭"
"Input Splitter","輸入分配器"
"Flash Meter","閃光計"
"AC Adapter/ Charger","電源適配器/充電器"
"Battery Charger","電池充電器"
"400 Watt Metal Halide Lamp","400瓦金屬鹵化物燈"
"800 Watt Lamp with Barn Door","800瓦泛光燈連擋光板"
"800 Watt Floodlight with Bulb","800瓦泛光燈連燈泡"
"2000 Watt Floodlight with Barn Door","2000瓦泛光燈連擋光板"
"High Angle Tripod with Fluid Head","三腳架連流體頭子"
"Feedback Exterminator","反饋抑制器"
"Wireless Video Transmitter","無線視頻發射機"
"Ultra High Frequency Distribution Amplifier","超高頻分配放大器"
"Video Signal Distributor","視頻分配器"
"Video System Converter","視頻系統轉換器"
"Video Compact Disk Player","錄像光碟機"
"Digital Scan Converter","數位掃描轉換器"
"High Definition Receiver","高清數碼接收器"
"DVD Recorder with Built-in Hard Disk","數碼多功能光碟錄影器連內置硬盤"
"VHS Recorder Multi System","家用錄像系統錄影機"
"Wide Conversion Lens","廣泛轉換鏡頭"
"Tele-conversion Lens","遠攝轉換鏡頭"
"Blu-ray DVD Player","藍光數碼光碟播放器"
"Video Capture Board","視頻攝取卡"
"Mini Disc Recorder","迷你光盤錄音器"
"Digital Video Capture Card","數碼影像攝取卡"
"Miniature Condenser Microphone","微形電容麥克風"
"Walkman Cassette Recorder","隨身聽卡式錄音機"
"Video Camera","影像攝錄機"
"Video System Converter","影像系統轉換器"
"Multi Tester","多用途測試器"
"High Definition Television System","高清數碼電視系統"
"High Definition Digital Receiver","高清數碼接收器"
"Water Cooler with Water Filter","冷飲水機連濾水器"
"Tea Urn","茶水壺"
"Standing Sandbag","直立式沙包"
"Karaoke and Amplifier","卡拉OK及擴音器"
"Recorder","卡式磁帶錄音收音機"
"Recorder","微型卡式錄音機"
"Recorder","數碼錄音機"
"Voice Recorder","錄音機"
"Portable Minidisc Recorder","便攜式微型光碟錄音機"
"Harddisk/DVD Recorder","硬碟/數位多功能光碟錄影機"
"Water Boiler","金屬水煲"
"Dish Dryer","乾碗碟機"
"Typewriter","電動打字機"
"Wireless Portable Amplifier","無線便攜式擴音機"
"Barcode Scanner","條碼掃瞄器"
"Purifier","空氣清新機"
"Projector","液晶投影機"
"Headset","耳機"
"Explosive & Narcotic Detector","爆炸品及毒品檢測器"
"Metal Detector","金屬探測器"
"Digital Camera","數碼攝錄機"
"Camcorder","數碼攝錄機"
"Multi-gas Monitor","氣體探測器"
"High Speed Handpiece","口腔高速牙鑽"
"Contra-angle Low Speed Handpiece","口腔彎機頭低速牙鑽"
"Air-motor for Low Speed Handpiece","口腔牙鑽低速馬達"
"Ultrasonic Scaling Unit","超聲波潔牙機"
"Film Processor","膠片顯影機"
"Daylight Film Loader","防光顯影盒"
"Positive Displacement Pump","正容積式水泵"
"Stainless Steel Sanitary Housing","不鏽鋼濾芯容器"
"Table Top Sealer","座檯式封膠袋機"
"Refreshment Cooler","蒸餾水冷凍機"
"LCD Slide Projector","液晶顯示投影機"
"Blood Pressure Machine","血壓計"
"Sealing Machine with Cutting Fuction","附切割功能封口機"
"Ultrasonic Scaling Unit Special Handpiece","超聲波洗牙機專用牙鑽"
"Dental Handpiece","口腔牙鑽"
"Dental Handpiece Spare Part","口腔牙鑽配件"
"Gas Burner Hotplate","氣體煮食爐"
"Bluetooth Speaker","藍牙揚聲器"
"Car Audio System","車用音響組合"
"Fleet No.: F983","後勤支援車"
"Electric Mahjong Table","電動麻雀枱"
"Used Motocycle","舊電單車"
"Dual Tuner Wireless Microphone System","雙調無線麥克風系統"
"Headset Microphone","耳機麥克風"
"Video Pattern Generator","視頻產生器"
"Antenna","偶極子天線"
"Video Camera","彩色攝錄機"
"Lux Meter","光度計"
"Meter","濕度/溫度計"
"Video Projector","視頻投影機"
"Bevel Protractor","斜角量角器"
"Soldering Iron","電烙鐵"
"Stand Desk for Microphone","麥克風支架"
"Electric Screwdriver","電動螺絲批"
"Neck Microphone","掛頸麥克風"
"Tool Kit","工具包"
"C-Mount Tube","C型卡口管"
"Lathe with Accessories","車床連附件"
"Display Unit","顯示器"
"Differential Global Positioning System Beacon Receiver","差分全球定位系統接收器"
"Antenna","145-165兆赫茲天線"
"Control Unit","控制模組"
"Public Address System","擴音系統"
"Control Unit","控制單元"
"Radiotelephone","甚高頻無線電話"
"Video Distributor for Surveillance","監控專用影像分配器"
"Global Positioning System Receiver","全球定位系統接收器"
"Jade Pendant","舊玉吊墜"
"Bracelet in Silver Colour","舊銀色手鏈"
"Metal Watch Band Parts","舊金屬錶帶零件"
"Gold Ring with Jade","舊金戒指連玉"
"Gold Bangle","舊金手鐲"
"Microphone with Carton Box","麥克風連紙箱"
"USB LED Light with Carton Box","USB發光二極管燈連紙箱"
"Air Purifier with Carton Box","空氣淨化機連紙箱"
"Drone with Carton Box","無人機連紙箱"
"Pearls","珍珠"
"Digtial Camera","數碼相機"
"Security Camera","監控攝影機"
"Interconnect Cable","連接線"
"Power Cable","電源線"
"Speaker Cable","揚聲器線"
"Audio Cable","音頻線"
"Refrigerator Compressor","雪櫃壓縮機"
"Refrigerator Parts","冰箱部件"
"Wooden Furniture","木家具"
"LCD Backlight Unit with Carton Box","液晶體顯示器背光組件連紙箱"
"A4 Size Paper","A4紙"
"Marker","麥克筆"
"Ball Pen","圓珠筆"
"Glass Sheet 35cm","玻璃片"
"Vacuum Cleaner with Carton Box","吸塵機連紙箱"
"Vacuum Cleaner with Plastic Wrap","吸塵機連塑膠膜"
"Vacuum Cleaner Accessory with Carton Box","吸塵機配件連紙箱"
"Purifier Fan with Carton Box","淨化風扇連紙箱"
"Electric Shaver with Carton Box","電鬚刨連紙箱"
"Electric Shaver with Plastic Wrap","電鬚刨連塑膠膜"
"Earphones","耳筒"
"Necklace/Choker","頸鏈"
"Metal Commemorative Coin","金屬紀念幣"
"Used 40' Container No.: CRLU7261687","舊四十呎貨櫃"
"Used 40' Container No.: GESU9075999","舊四十呎貨櫃"
"Used 40' Container No.: NYKU7154877","舊四十呎貨櫃"
"Ceramic Heater","陶瓷暖爐"
"Bathroom Heater","浴室寶"
"Monitor","顯示屏"
"Oil-filled Heater","充油式電暖爐"
"Heater Fan","暖風機"
"Twin-Stove","雙頭煮食爐"
"HD Digital TV Receiver","高清電視接收器"
"Electric Hot Water Kettle","電熱水煲"
"Single Burner Hotplate","單頭氣體爐"
"Iron Bed Frame","鐵床架"
"Flame Ionization Detector","火焰電離檢測器"
"Manual Gas Sampling Valve","手動氣體樣本活門"
"Ultraviolet-Visible Spectrophotometer","紫外可見光譜分析儀"
"Autosampler","自動採樣器"
"Glassware Washer","玻璃器皿洗滌儀"
"Incubator","培養櫃"
"Water Purification System","清水淨化器"
"Red Colour Outdoor LED Display Board","紅色戶外發光二極管顯示屏"
"Electric Fryer","電炸鍋"
"Film Light Box","菲林燈箱"
"Color Calibration Sensor","校色儀"
"Semi-automatic Film Processor","半自動菲林沖機"
"Pre-Filtering System","前期濾水器"
"Water Purifier System","濾水器"
"Water Filtering System Start Up Kit","濾水器起動器"
"Spectrophotometer Unit","分光光度計"
"Large Format Photo Printer","大型尺寸相片打印機"
"Film Scanner","菲林掃描器"
"Colour Calibration Kit","顏色調校儀套裝"
"Two Surveillance Earpieces with Miniature Microphone","兩個監控耳機連微型麥克風"
"Portable Transceiver","無線對講機"
"Indoor Length-Adjustable Antenna","室內伸縮天線"
"Portable Transceiver Battery Pack","無線對講機電池"
"Digital Voice Recorder","數碼錄音筆"
"Contactless Smartcard Lock with Mechanical Key Lock","非接觸式智能卡鎖連機械匙鎖"
"Wax Sealing Machine","封爉機"
"Compass","圓規"
"Proportional Divider","比例分配器"
"Magnifying Glass","放大鏡"
"Planimeter","求積儀"
"Steroscope","立體鏡"
"Wooden T-square 42""","木製T字尺"
"Drawing Instrument Set","繪圖工具"
"Speech Stand","木製演講台"
"Freezer","急凍櫃"
"Audio & Video Amplifier","影視擴音機"
"Speaker Amplifier with Microphone","手提擴聲器連麥克風"
"Optical Disc Recorder Player","光碟錄影播放機"
"Projector Screen","投影機布幕"
"Electric Clock 12""","12吋電時鐘"
"Vice","虎鉗4吋"
"Car/Vessel Battery Charger","汽車/船用電池充電器"
"40 HP Engine Outboard","40匹馬力舷外機"
"Stainless Steel Tray","不銹鋼盤"
"Washing Basin","洗滌盤"
"Radio Buoy","無線電浮標"
"Water Flow Meter","水流錶"
"Fuel Flow Meter","燃油錶"
"Clam Rake with Net","蜆耙連網"
"Trawl Net","中層拖網"
"Freeze Dry System","冷凍乾燥系統"
"Freeze Dry System Rotary Pump","冷凍乾燥系統旋轉泵"
"Freeze Dry System Pump Filter","冷凍乾燥系統泵過濾器"
"Freeze Dry System Communication Unit","冷凍乾燥系統通訊單元"
"Incubator","恆溫培養箱"
"Bunsen Burner","本生燈"
"Densitometer","光密度計"
"Tape Dispenser","膠紙機"
"Electric Sterilizer","電消毒箱"
"Medical Fridge","醫療雪櫃"
"Cardioid Dynamic Microphone","心形動圈式麥克風"
"Rear Projection Screen","後投影幕"
"Television Antenna","電視天線"
"Ultra High Frequency Booster","超高頻助推器"
"Audio Video Splitter","影音分流器"
"Video Graphics Array Distributor","視頻圖式排列分配器"
"Projector Light Bulb","投影機燈泡"
"Alternating Current","交流電轉變器"
"Portable Air Conditioner","流動空氣調節機"
"Floor Mattress","地墊"
"Plastic Freight Case","塑膠運輸箱"
"Wooden Freight Case","木運輸箱"
"Portable Audio Mixer","手提混音器"
"Portable Audio Recorder","手提錄音機"
"Audio Recorder","錄音機"
"Wireless Neck Microphone Set","無線頸掛式麥克風套裝"
"Directional Super Cardioid Condenser Microphone","指向性超心型麥克風"
"Headphone with Cable","耳機連線"
"Adjustable Lighting Pole","伸縮燈光吊桿"
"Photography Stand","攝影台"
"Aluminium Tripod","鋁合金三腳架"
"Power Box","電源箱"
"800W Tungsten Filament Lamp with Holder","800瓦鎢絲燈連燈座"
"650W Floodlight with Accessories","650瓦泛光燈連配件"
"800W Floodlight with Accessory","800瓦泛光燈連配件"
"48-Inch Portable Lighting System with Accessories","48吋輕便燈光系統連配件"
"24-Inch Portable Lighting System with Accessories","24吋輕便燈光系統連配件"
"Variable Focus Control LED Light with Accessories","可變焦發光二極管連配件"
"12-Channel Lighting Dimmer Set","12頻道燈光調光器"
"Lighting Pole","燈光吊桿"
"2-Stage Carbon Fibre Tripod with Accessories","2節碳纖維三腳架連配件"
"Shoulder Adapter with V-Mount","V型肩部轉接器"
"Camcorder Dolly Platform","攝影機移動平台"
"Amphibious Video Camera with Accessories","兩棲攝錄機連配件"
"Camcorder","攝影機"
"Ultraviolet Filter","紫外線過濾鏡"
"Digital High Definition Video Camera Recorder with Accessories","數碼高清攝錄機連配件"
"Video Camera Equipment Bag","攝影機器材袋"
"Cordless Stereo Headphone","無線立體聲耳機"
"Digital Audio Player","數碼音訊播放器"
"Hole Puncher","打孔機"
"Steam Press Machine","蒸汽壓燙機"
"Vacuum","吸塵機連真空泵及儲存箱"
"Press Machine","壓燙機"
"Press Machine with Return Device","壓燙機連返回裝置"
"Ironing Table","燙床"
"Inserting Machine","入信機"
"Ear Thermometer","耳溫計"
"Pocket Memo","數碼錄音機"
"MiniDisc Walkman","可攜式迷你光碟隨身聽"
"Calculator","12位計算機"
"Fujixerox DocuCentre-VI C4471 PCL 6 CT202634K","空碳粉匣"
"Fujixerox DocuCentre-VI C4471 PCL 6 CT202635C","空碳粉匣"
"Fujixerox DocuCentre-VI C4471 PCL 6 CT202636M","空碳粉匣"
"Fujixerox DocuCentre-VI C4471 PCL 6 CT202637Y","空碳粉匣"
"Fujixerox DocuPrint CM315Z CT202610K","空碳粉匣"
"Fujixerox DocuPrint CM315Z CT202611C","空碳粉匣"
"Fujixerox DocuPrint CM315Z CT202612M","空碳粉匣"
"Fujixerox DocuPrint CM315Z CT202613Y","空碳粉匣"
"Kyocera ECOSYS M5526cdn TK-5264C","空碳粉匣"
"Kyocera ECOSYS M5526cdn TK-5264K","空碳粉匣"
"Kyocera ECOSYS M5526cdn TK-5264M","空碳粉匣"
"Kyocera ECOSYS M5526cdn TK-5264Y","空碳粉匣"
"Kyocera TASKalfa 6053ci TK-8510C","空碳粉匣"
"Kyocera TASKalfa 6053ci TK-8510K","空碳粉匣"
"Kyocera TASKalfa 6053ci TK-8510M","空碳粉匣"
"Kyocera TASKalfa 6053ci TK-8510Y","空碳粉匣"
"Exercise Bicycle","健身單車"
"Hydraulic Jack","油壓千斤頂"
"Electric Mosquito Trap","電子滅蚊機"
"Filter","過濾器"
"Water Test Kit","水質檢測器"
"Portable Air Conditioner","流動冷風機"
"Wrench Combination","板手組合"
"Portable Circular Saw","手提式圓鋸"
"Single-Phase Motor","單相摩打"
"Wooden Rack","3層木架"
"Wooden Bench Top","木檯面"
"Stainless Steel Bench Top","不銹鋼檯面"
"Constant Temperature & Humidity Chamber","恆温恆濕箱"
"Concrete Core Wet Cutting Machine","混凝土芯切割機"
"Chiller","循環加熱冷卻器"
"Water Bath","水浴槽"
"Flame Photmeter","火焰光度計"
"Instrument Control System","儀器控制系統"
"Thermohygrograph","温度濕度計"
"Sofa","三座位梳化"
"Sofa","二座位梳化"
"Sofa","一座位梳化"
"Ultrasonic Scaling Machine","超音波潔牙機"
"Portable Gas Monitor","便攜式氣體監測儀"
"Sampling Pump Complete Kit","採樣泵完整套件"
"Pressure Regulator for Gas Cylinder","氣體壓力調節器"
"Desktop Charger for Mobile Phone","手提電話桌面充電器"
"Charger Base","充電器底座"
"4 Port USB Hub","4端口通用串行匯流排集線器"
"Digital Duplicator","影印機"
"Digital Duplicator with Stand and Network Card","影印機連架及網絡咭"
"CCTV Camera","閉路電視攝影機"
"Cabinet","灰色櫃"
"Wooden Filing Cabinet","文件木櫃"
"Wooden Cabinet","灰色趟門木櫃"
"Wooden Cabinet W600 x D400 x H2050MM","灰色木櫃"
"Office Chair","黑色辦公椅"
"Meeting Table","會議檯"
"Desk","白色書檯"
"Movable Whiteboard","移動白板"
"Television","電視"
"cardboard","卡板"
